Date received,Product,Sub-product,Issue,Sub-issue,Consumer complaint narrative,Company,State,ZIP code,Date sent to company,Company response to consumer,Timely response?,word_count,processing_days,year,llm_prediction
2025-02-10 00:00:00+00:00,Credit reporting or other personal consumer reports,Credit reporting,Improper use of your report,Reporting company used your report improperly,"I HAVE BEEN AFFECTED BY THE EQUIFAX DATA BREACH. PER     STATES EXCEPT AS OTHERWISE PROVIDED IN THIS SECTION A CONSUMER REPORTING AGENCY SHALL BLOCK THE REPORTING OF ANY INFORMATION IN THE FILE OF A CONSUMER THAT THE CONSUMER IDENTIFIES AS INFORMATION THAT RESULTED FROM AN ALLEGED IDENTITY THEFT. 

Account Name :   #  -DATE OPENED  Account Name :    #   OPENED  Account Name :    #  -DATE OPENED  Account Name :    #  -DATE OPENED  Account Name :    #     Account Name :  #  -DATE OPENED  Account Name :  #  -DATE OPENED  UNAUTHORIZED INQUIRIES :       //year>","EQUIFAX, INC.",TX,77449,2025-02-10 00:00:00+00:00,Closed with explanation,Yes,91,0,2025,Closed with explanation
2019-07-30 00:00:00+00:00,Debt collection,Other debt,Written notification about debt,Didn't receive enough information to verify debt,Didn't receive any letters stating I had a negative balance on a checking account that I had closed a few years ago. Apparently there was a balance of {$80.00} on my checking account when I had closed it and nobody told me as well as send me any information about it. It was then sent to collections and sat on my credit for a while without me knowing it which obviously hurt my credit score. This is my first and only debt issue and would like it removed so I can repair my damaged score.,Other,WI,53211,2019-07-30 00:00:00+00:00,Closed with explanation,Yes,95,0,2019,Closed with monetary relief
2016-08-09 00:00:00+00:00,Student loan,Federal student loan servicing,Dealing with my lender or servicer,Need information about my balance/terms,"Loans are duplicated on my credit report. Report shows I have  student loans. I have  originating from // through // when I graduated. The loans originated with the Dept of Ed and transferred to   and then to Navient.  loans reported 3 times.  entry states that the balance is {$75000.00} which is inaccurate. The loans are separate. I am in the process of filing disputes with credit bureau. Also, once the loans transferred to Navient //, I was told my first payment date was //. I filed paperwork for a renewal of my income based repayment plan. My payment was {$80.00} a month. Though I was not scheduled for payment, Navient attempted several times to deduct the full regular payment of {$470.00} from my bank account. When I contacted Navient, I was told it never happened.","Navient Solutions, LLC.",VA,23116,2016-08-09 00:00:00+00:00,Closed with explanation,Yes,135,0,2016,Closed with explanation
2025-07-21 00:00:00+00:00,Credit reporting or other personal consumer reports,Credit reporting,Incorrect information on your report,Information belongs to someone else,"This is a follow-up to my previous written dispute regarding fraudulent accounts and inquiries appearing on my consumer report. Per FCRA 605B ( 15 U.S.C. 1681c-2 ), you are required to block all information resulting from identity theft within four business days of receipt.

The following accounts and inquiries do NOT belong to me and were obtained fraudulently without my consent : ACCOUNTS :   - Account Number :                             , Date Opened : //, Balance : {$10.00}   - Account Number :                            , Date Opened : //, Balance : {$25.00}   - Account Number :                             , Date Opened : //, Balance : {$83.00}   - Account Number :                            , Date Opened : //, Balance : {$460.00}    - Account Number :                             , Date Opened : //, Balance : {$190.00}   - Account Number :                             , Date Opened : //, Balance : {$0.00}    Account Number :                            , Date Opened : //, Balance : {$0.00}  - Account Number :            , Date Opened : //, Balance : {$1600.00} INQUIRIES :    Date  //    Date : //    Date : //     Date : //",Experian Information Solutions Inc.,AL,360XX,2025-07-21 00:00:00+00:00,Closed with explanation,Yes,172,0,2025,Closed with explanation
2019-02-13 00:00:00+00:00,Debt collection,Other debt,Attempts to collect debt not owed,Debt is not yours,I was called by   about an account saying I owe a  final bill for {$210.00}. I asked for information about the account and all they could provide me with was an amount. This account is on my credit report and they have no information at all. I asked the company to remove it from my credit report repeatedly and the rep hung up on me. I called back to speak to a supervisor and they said it would take 24 to 48 hrs to review. I want this removed from credit report immediately.,Other,IL,61761,2019-02-13 00:00:00+00:00,Closed with explanation,No,93,0,2019,Closed with non-monetary relief
2019-01-22 00:00:00+00:00,Debt collection,Medical debt,Written notification about debt,Didn't receive enough information to verify debt,"Paid dept on //18. I have requested paid receipt x3, spoke with a  at his office. Hospital charged my the same amount paid, apparently they did not get paid notice either!",Other,FL,33612,2019-01-22 00:00:00+00:00,Closed with explanation,Yes,31,0,2019,Closed with explanation
2018-01-27 00:00:00+00:00,"Credit reporting, credit repair services, or other personal consumer reports",Credit reporting,Improper use of your report,Reporting company used your report improperly,"Requested in 4 certified letter with copy of my SSN, Driver license to Equifax stating these 3 company do not have authorization in writing to run my credit however equifax is refusing to remove hard inquires from my credit report  // - Spoke to  at  they do not my authorization in writing to run my credit     // - Spoke to  at    they do not have written authorization to pull my credit   // - Spoke to  at   they do not have written authorization to pull my credit","EQUIFAX, INC.",CA,902XX,2018-01-27 00:00:00+00:00,Closed with explanation,Yes,86,0,2018,Closed with explanation
2019-01-02 00:00:00+00:00,"Credit reporting, credit repair services, or other personal consumer reports",Credit reporting,Problem with fraud alerts or security freezes,Not applicable,"Because I was impacted by the Equifax hack, and my husband 's laptop was stolen, I want to take steps to make sure my identity isn't stolen. When I tried to get my free credit reports from  on //, it asks for my full social security number, which I didn't want to give, since the hack of Equifax exposed social security numbers. I tried to find out if I have a freeze on Equifax, but they wouldn't tell me without giving my full social security number when I called them on //. I was able to verify my freezes with both  and   without revealing my full social security number. Is there a way to around giving both  and Equifax my full social security number?","EQUIFAX, INC.",DC,200XX,2019-01-02 00:00:00+00:00,Closed with explanation,Yes,124,0,2019,Closed with explanation
2019-06-06 00:00:00+00:00,"Credit reporting, credit repair services, or other personal consumer reports",Credit reporting,Incorrect information on your report,Information belongs to someone else,"I am a victim of identity theft. The information listed below, which appears on my credit report, does not relate to any transactions that I have made. It is the result of identity theft. I asked for evidence, any documentation that could prove the accounts are my responsibility but they didn't..CFPB step up and remove     )  ,  ( Original Creditor :        )  ,  ( Original Creditor :     )  ,  ( Original Creditor :    ) ,","TRANSUNION INTERMEDIATE HOLDINGS, INC.",OR,97266,2019-06-06 00:00:00+00:00,Closed with explanation,Yes,75,0,2019,UNKNOWN
2017-06-05 00:00:00+00:00,"Credit reporting, credit repair services, or other personal consumer reports",Credit reporting,Improper use of your report,Reporting company used your report improperly,"// Hello, Thank you again for your complaint  about EQUIFAX, INC.. We expect companies to respond to every complaint within a reasonable amount of time. We forwarded your complaint to the company, unfortunately, they have not responded in full to your complaint and are now late in getting back to you. This is unacceptable, and we regret that youve had to wait this long for a response.EQUIFAX HAS NOT RESPONDED TO THE COPLAINT SO THEY OWE ME DAMAGES, AS THE COMPLAINT STATED FACTS OF !!! WOW, WHAT A RESPONSE, REALLY??? I BEEN A VICTIM OF FRAUD?? NO  , IM THE VICTIM AND EQUIFAX IS THE CRIMINAL!! SO ILL COMPLAIN AGAIN AND AGAIN AND AGAIN AND AGAIN TILL THEY GET THE  OUT OF MY LIFE!!! THEIR RESPONSE IS INVALID AND DOESNT SHOW CLARITY OF THE PROBLEM AT HAND!!! this is NO response, so wheres my  $ $ over 20 complaints and this is all i get for a response? YOU GOT TA BE KIDDIN ME!!! 20 complaints times  =  $ $ $ plus punative plus attorney fees, now CRIMINAL EQUIFAX CAN EXPLAIN TO ME WHY THEY ARE USING MY PRIVATE AND PERSONAL INFORMATION WITHOUT MY CONSENT AND PUTTING ME AT RISK OF INFORMATION BREACH? GIVE ME A VALID RESPONSE WITH CLARITY YOU  !!! 05/01/2017 Hello, Thank you for your complaint  about EQUIFAX, INC.. We reviewed the complaint you submitted and sent it to the company for a response. The company responded that you may have been a victim of fraud. respond rspnd/ verb 1. say something in reply. This legal notice being sent and delivered to you persuant to Florida Statutes 48.081 NOTICE OF ORDER TO CEASE AND DESIST FROM USING PERSONAL AND PRIVATE INFORMATION FL STATUTE VIOLATION 817.568 Title XLVI CRIMES Chapter 817 FRAUDULENT PRACTICES View Entire Chapter 817.568Criminal use of personal identification information. ( 1 ) As used in this section, the term : ( a ) Access device means any card, plate, code, account number, electronic serial number, mobile identification number, personal identification number, or other telecommunications service, equipment, or instrument identifier, or other means of account access that can be used, alone or in conjunction with another access device, to obtain money, goods, services, or any other thing of value, or that can be used to initiate a transfer of funds, other than a transfer originated solely by paper instrument. ( b ) Authorization means empowerment, permission, or competence to act. ( c ) Harass means to engage in conduct directed at a specific person that is intended to cause substantial emotional distress to such person and serves no legitimate purpose. Harass does not mean to use personal identification information for accepted commercial purposes. The term does not include constitutionally protected conduct such as organized protests or the use of personal identification information for accepted commercial purposes. ( d ) Individual means a single human being and does not mean a firm, association of individuals, corporation, partnership, joint venture, sole proprietorship, or any other entity. ( e ) Person means a person as defined in s. 1.01 ( 3 ). ( f ) Personal identification information means any name or number that may be used, alone or in conjunction with any other information, to identify a specific individual, including any : 1.Name, postal or electronic mail address, telephone number, social security number, date of birth, mothers maiden name, official state-issued or United States-issued driver license or identification number, alien registration number, government passport number, employer or taxpayer identification number, Medicaid or food assistance account number, bank account number, credit or debit card number, or personal identification number or code assigned to the holder of a debit card by the issuer to permit authorized electronic use of such card ; 2.Unique biometric data, such as fingerprint, voice print, retina or iris image, or other unique physical representation ; 3.Unique electronic identification number, address, or routing code ; 4.Medical records ; 5.Telecommunication identifying information or access device ; or 6.Other number or information that can be used to access a persons financial resources. ( g ) Counterfeit or fictitious personal identification information means any counterfeit, fictitious, or fabricated information in the similitude of the data outlined in paragraph ( f ) that, although not truthful or accurate, would in context lead a reasonably prudent person to credit its truthfulness and accuracy. ( 2 ) ( a ) Any person who willfully and without authorization fraudulently uses, or possesses with intent to fraudulently use, personal identification information concerning an individual without first obtaining that individuals consent, commits the offense of fraudulent use of personal identification information, which is a felony of the third degree, punishable as provided in s. 775.082, s. 775.083, or s. 775.084. ( b ) Any person who willfully and without authorization fraudulently uses personal identification information concerning an individual without first obtaining that individuals consent commits a felony of the second degree, punishable as provided in s. 775.082, s. 775.083, or s. 775.084, if the pecuniary benefit, the value of the services received, the payment sought to be avoided, or the amount of the injury or fraud perpetrated is {$5000.00} or more or if the person fraudulently uses the personal identification information of 10 or more individuals, but fewer than 20 individuals, without their consent. Notwithstanding any other provision oflaw, the court shall sentence any person convicted of committing the offense described in this paragraph to a mandatory minimum sentence of 3 years imprisonment. ( c ) Any person who willfully and without authorization fraudulently uses personal identification information concerning an individual without first obtaining that individuals consent commits a felony of the first degree, punishable as provided in s. 775.082, s. 775.083, or s. 775.084, if the pecuniary benefit, the value of the services received, the payment sought to be avoided, or the amount of the injury or fraud perpetrated is {$50000.00} or more or if the person fraudulently uses the personal identification information of 20 or more individuals, but fewer than 30 individuals, without their consent. Notwithstanding any other provision of law, the court shall sentence any person convicted of committing the offense described in this paragraph to a mandatory minimum sentence of 5 years imprisonment. If the pecuniary benefit, the value of the services received, the payment sought to be avoided, or the amount of the injury or fraud perpetrated is {$100000.00} or more, or if the person fraudulently uses the personal identification information of 30 or more individuals without their consent, notwithstanding any other provision of law, the court shall sentence any person convicted of committing the offense described in this paragraph to a mandatory minimum sentence of 10 years imprisonment. ( 3 ) Neither paragraph ( 2 ) ( b ) nor paragraph ( 2 ) ( c ) prevents a court from imposing a greater sentence of incarceration as authorized by law. If the minimum mandatory terms of imprisonment imposed under paragraph ( 2 ) ( b ) or paragraph ( 2 ) ( c ) exceed the maximum sentences authorized under s. 775.082, s. 775.084, or the Criminal Punishment Code under chapter 921, the mandatory minimum sentence must be imposed. If the mandatory minimum terms of imprisonment under paragraph ( 2 ) ( b ) or paragraph ( 2 ) ( c ) are less than the sentence that could be imposed under s. 775.082, s. 775.084, or the Criminal Punishment Code under chapter 921, the sentence imposed by the court must include the mandatory minimum term of imprisonment as required by paragraph ( 2 ) ( b ) or paragraph ( 2 ) ( c ). ( 4 ) Any person who willfully and without authorization possesses, uses, or attempts to use personal identification information concerning an individual without first obtaining that individuals consent, and who does so for the purpose of harassing that individual, commits the offense of harassment by use of personal identification information, which is a misdemeanor of the first degree, punishable as provided in s. 775.082 or s. 775.083. ( 5 ) If an offense prohibited under this section was facilitated or furthered by the use of a public record, as defined in s. 119.011, the offense is reclassified to the next higher degree as follows : ( a ) A misdemeanor of the first degree is reclassified as a felony of the third degree. ( b ) A felony of the third degree is reclassified as a felony of the second degree. ( c ) A felony of the second degree is reclassified as a felony of the first degree. For purposes of sentencing under chapter 921 and incentive gain-time eligibility under chapter 944, a felony offense that is reclassified under this subsection is ranked one level above the ranking under s.921.0022 of the felony offense committed, and a misdemeanor offense that is reclassified under this subsection is ranked in level 2 of the offense severity ranking chart in s. 921.0022. ( 6 ) Any person who willfully and without authorization fraudulently uses personal identification information concerning an individual who is younger than 18 years of age or 60 years of age or older without first obtaining the consent of that individual or of his or her legal guardian commits a felony of the second degree, punishable as provided in s. 775.082, s. 775.083, or s. 775.084. ( 7 ) Any person who is in the relationship of parent or legal guardian, or who otherwise exercises custodial authority over an individual who is younger than 18 years of age or 60 years of age or older, who willfully and fraudulently uses personal identification information of that individual commits a felony of the second degree, punishable as provided in s. 775.082, s. 775.083, or s.775.084. ( 8 ) ( a ) Any person who willfully and fraudulently uses, or possesses with intent to fraudulently use, personal identification information concerning a  individual commits the offense of fraudulent use or possession with intent to use personal identification information of a  individual, a felony of the third degree, punishable as provided in s. 775.082, s. 775.083, or s.775.084. ( b ) Any person who willfully and fraudulently uses personal identification information concerning a  individual commits a felony of the second degree, punishable as provided in s. 775.082, s. 775.083, or s. 775.084, if the pecuniary benefit, the value of the services received, the payment sought to be avoided, or the amount of injury or fraud perpetrated is {$5000.00} or more, or if the person fraudulently uses the personal identification information of 10 or more but fewer than 20    individuals. Notwithstanding any other provision of law, the court shall sentence any person convicted of committing the offense described in this paragraph to a mandatory minimum sentence of 3 years imprisonment. ( c ) Any person who willfully and fraudulently uses personal identification information concerning a   individual commits the offense of aggravated fraudulent use of the personal identification information of multiple    individuals, a felony of the first degree, punishable as provided in s. 775.082, s. 775.083, or s. 775.084, if the pecuniary benefit, the value of the services received, the payment sought to be avoided, or the amount of injury or fraud perpetrated is {$50000.00} or more, or if the person fraudulently uses the personal identification information of 20 or more but fewer than 30  individuals. Notwithstanding any other provision of law, the court shall sentence any person convicted of the offense described in this paragraph to a minimum mandatory sentence of 5 years imprisonment. If the pecuniary benefit, the value of the services received, the payment sought to be avoided, or the amount of the injury or fraud perpetrated is {$100000.00} or more, or if the person fraudulently uses the personal identification information of 30 or more  individuals, notwithstanding any other provision of law, the court shall sentence any person convicted of an offense described in this paragraph to a mandatory minimum sentence of 10 years imprisonment. ( 9 ) Any person who willfully and fraudulently creates or uses, or possesses with intent to  fraudulently use, counterfeit or fictitious personal identification information concerning a fictitious individual, or concerning a real individual without first obtaining that real individuals consent, with intent to use such counterfeit or fictitious personal identification information for the purpose of committing or facilitating the commission of a fraud on another person, commits the offense of fraudulent creation or use, or possession with intent to fraudulently use, counterfeit or fictitious personal identification information, a felony of the third degree, punishable as provided in s.775.082, s. 775.083, or s. 775.084. ( 10 ) Any person who commits an offense described in this section and for the purpose of obtaining or using personal identification information misrepresents himself or herself to be a law enforcement officer ; an employee or representative of a bank, credit card company, credit counseling company, or credit reporting agency ; or any person who wrongfully represents that he or she is seeking to assist the victim with a problem with the victims credit history shall have the offense reclassified as follows : ( a ) In the case of a misdemeanor, the offense is reclassified as a felony of the third degree. ( b ) In the case of a felony of the third degree, the offense is reclassified as a felony of the second degree. ( c ) In the case of a felony of the second degree, the offense is reclassified as a felony of the first degree. ( d ) In the case of a felony of the first degree or a felony of the first degree punishable by a term of imprisonment not exceeding life, the offense is reclassified as a life felony. For purposes of sentencing under chapter 921, a felony offense that is reclassified under this subsection is ranked one level above the ranking under s. 921.0022 or s. 921.0023 of the felony offense committed, and a misdemeanor offense that is reclassified under this subsection is ranked in level 2 of the offense severity ranking chart. ( 11 ) A person who willfully and without authorization fraudulently uses personal identification information concerning an individual who is 60 years of age or older ; a disabled adult as defined in s.825.101 ; a public servant as defined in s. 838.014 ; a veteran as defined in s. 1.01 ; a first responder as defined in s. 125.01045 ; an individual who is employed by the State of Florida ; or an individual who is employed by the Federal Government without first obtaining the consent of that individual commits a felony of the second degree, punishable as provided in s. 775.082, s. 775.083","EQUIFAX, INC.",FL,33063,2017-06-05 00:00:00+00:00,Closed with explanation,Yes,2443,0,2017,UNKNOWN
2023-05-24 00:00:00+00:00,"Credit reporting, credit repair services, or other personal consumer reports",Credit reporting,Problem with a credit reporting company's investigation into an existing problem,Their investigation did not fix an error on your report,"This credit bureauDoes not repect or follow the Laws of FCRA. In accordance with the Fair Credit Reporting act, The List of accounts below has violated my federally protected consumer rights to privacy and confidentiality under   . 

   BANKRUPTCY : #     BANKRUPTCY : #     BANKRUPTCY : #     BANKRUPTCY : #  All of these accounts listed above has violated my rights According to 15 USC 1681i ( 5 ). However this credit bureau is saying that these accounts were verified for 100 percent accuracy. However I asked them how? when the filing date on each account is wrong. 

I also requested that they provide me proof and a written description of the investigation according to 15 USC 1681i ( 7 ) which they never did. Additionally, according to 15 U.S.C. 1681s-2 ( A ) ( 1 ) A person shall not furnish any information relating to a consumer to any consumer reporting agency if the person knows or has reasonable cause to believe that the information is inaccurate. 

Also, I've learned that according to the following FCRA Laws my rights were purposely disrespected. 

15 U.S.C 1681 section 602 A States that I have the right to privacy. So reporting the inaccurate accounts blatantly disregard my rights. and according to 15 U.S.C 1681 Section 604 A Section 2 : It also states a consumer reporting agency can not furnish any account information without my written instructions and I have not Giving Any written instructions to do so.

These are Serious Violations of my rights. I feel situation is causing me alot of stress because I believe my rights have been violated purposely which makes me loose hope in this whole system. I hope this complaint compels this credit bureau to do their jobs more effectively with the consumers rights being respected.",Other,NC,28269,2023-05-24 00:00:00+00:00,Closed with non-monetary relief,Yes,298,0,2023,UNKNOWN
2024-03-20 00:00:00+00:00,Credit reporting or other personal consumer reports,Credit reporting,Incorrect information on your report,Account information incorrect,"This letter serves as a formal notice and demand for immediate action regarding multiple inaccuracies on my credit report, which you have negligently allowed to tarnish my financial reputation. Under the provisions of the Fair Credit Reporting Act ( FCRA ), specifically sections 611 ( 15 U.S.C. 1681i ) and 623 ( 15 U.S.C. 1681s-2 ), I am exercising my right to challenge and demand the correction of these inaccuracies posthaste. I    have listed below the Accounts that are being challenged JPMCB CARD which was an account that was never approved of.",JPMORGAN CHASE & CO.,OH,45459,2024-03-20 00:00:00+00:00,Closed with explanation,Yes,92,0,2024,UNKNOWN
2022-04-14 00:00:00+00:00,"Money transfer, virtual currency, or money service",Traveler's check or cashier's check,Problem with customer service,Not applicable,Wells Fargo bank is withholding emergency financial expenses due to the the bank monthly fees charge the check account The account isnt eligible for overdraft protection The reason the hold is on the account is because of the overdraft being caused by the monthly fees for the account I have evidence to support the fact I am not able to overdraft due to Account agreement disclosure I also been discriminated against by the banks customer service bankers negligence and placement of the delay causing server complications I been receiving different advertisement and information regarding resolution of this issue,WELLS FARGO & COMPANY,NC,28120,2022-04-14 00:00:00+00:00,Closed with explanation,Yes,98,0,2022,Closed with explanation
2021-11-01 00:00:00+00:00,"Credit reporting, credit repair services, or other personal consumer reports",Credit reporting,Problem with a credit reporting company's investigation into an existing problem,Their investigation did not fix an error on your report,"My name is  , and I am sending this request myself to address the inaccuracies on my Credit Reports. 

Upon reviewing my updates, incorrect information was found in my reports. The Equifax Credit Bureau has not complied with the Fair Credit Reporting Act, 15 USC Sections 1681i, and continued reporting as unverified information without any proof provided, within the time allowed by law, is not authorized. Below are the inquiries that are reporting on my Credit Reports : 1.  Inquiry :  ,  ; 2.  Inquiry :  ,  ; 3.     Inquiry :  ,  ; 4.    Inquiry :   ,  ; 5.    Inquiry : . ,  ; 6.  ,  Inquiry : . ,  ; 7.   Inquiry :  ,  ; 8.    Inquiry :  ,  ; 9.    Inquiry :  ,  ; 10.    Inquiry :  ,  ;","EQUIFAX, INC.",FL,34953,2021-11-01 00:00:00+00:00,Closed with explanation,Yes,131,0,2021,Closed with explanation
2024-03-05 00:00:00+00:00,Credit reporting or other personal consumer reports,Credit reporting,Problem with a company's investigation into an existing problem,Their investigation did not fix an error on your report,The Following accounts    Account Number      Account Number    Account Number  have been deleted from  but are still reporting on  And Experian inaccurately. The law say every Credit Bureau must report complete and accurate data on my credit report.,Experian Information Solutions Inc.,VA,235XX,2024-03-05 00:00:00+00:00,Closed with explanation,Yes,37,0,2024,Closed with explanation
2026-02-26 00:00:00+00:00,Student loan,Federal student loan servicing,Dealing with your lender or servicer,Trouble with how payments are being handled,"I submitted an income-driven repayment ( IDR ) application in // with required income documentation. As of //, it remains unprocessed. I have called MOHELA multiple times ( at least four ) because my account keeps being returned to full repayment status despite pending IDR processing. I have been told I was placed into processing forbearance, but my account continues to show payments due. This ongoing delay and inconsistent status coding have caused months to be marked ineligible for Public Service Loan Forgiveness ( PSLF ) and created billing uncertainty. I request immediate processing of my IDR application, correction of loan status coding, retroactive PSLF credit for affected months, and written confirmation of resolution.",Other,IL,622XX,2026-02-26 00:00:00+00:00,Untimely response,No,114,0,2026,Closed with explanation
2025-08-21 00:00:00+00:00,"Payday loan, title loan, personal loan, or advance loan",Installment loan,Problem when making payments,Not applicable,"On //year>, I purchased custom-colored hair extensions from     Klarnas installment loan product. The total transaction was over {$1000.00}, of which {$610.00} was financed through Klarna for the hair itself. 

The product was installed on //year> by a professional stylist. Within hours, the hair began tangling, matting, frizzing, and losing its curl pattern, making it completely unwearable despite proper care. I notified the merchant the same night ( // at   ) and again the following day. The merchant admitted trimming errors but refused to provide a remedy or refund. 

I escalated the matter to Klarna and submitted full documentation, including receipts, screenshots of my messages with the seller, installation proof, and photos of the defective product. 

Klarnas responses : - Klarna informed me that they can only inquire with the store whether they have correctly rendered the services to you and that because the merchant provided proof of service, Klarna would not issue a refund. 

- Klarna then forgave {$310.00} of the financed balance but is withholding my refund of {$300.00}, despite acknowledging that the dispute had merit. 

Why I disagree : - Klarnas position effectively places all decision-making power with the merchant, leaving the consumer unprotected even when evidence shows the product is defective. The fact that a service was performed ( installation ) does not negate the sellers duty to provide hair that is fit for its intended use. 

- Klarnas partial forgiveness of {$310.00} demonstrates that Klarna recognized an issue with the transaction, yet their refusal to refund the remaining {$300.00} is inconsistent and arbitrary.

If the product was defective, all financed charges related to it should have been forgiven.

Klarnas response disregards consumer protection laws that require goods to be fit for ordinary use and for disclosed purposes. By continuing to collect {$300.00} for defective goods, Klarna is engaging in unfair billing practices.

Legal basis for refund under Georgia law : O.C.G.A. 10-1-393 ( Fair Business Practices Act ) prohibits unfair or deceptive practices, including failure to disclose material information. 

O.C.G.A. 11-2-314 ( Implied Warranty of Merchantability ) requires goods to be fit for their ordinary purpose ; this hair was not.

O.C.G.A. 11-2-315 ( Implied Warranty of Fitness for a Particular Purpose ) applies because I relied on the sellers expertise for hair that could be worn straight and curly ; the seller was aware of this purpose but provided hair that did not meet that standard. 

Given Klarnas role as the financing company, continuing to bill me for goods that legally fail under these implied warranties is improper. I am requesting a refund of the remaining {$300.00} financed through Klarna, and I urge the CFPB to require Klarna to adjust its practices so consumers are not left paying for defective products when merchants refuse accountability.",Other,GA,30344,2025-08-21 00:00:00+00:00,Closed with explanation,Yes,460,0,2025,Closed with non-monetary relief
2023-12-03 00:00:00+00:00,Credit reporting or other personal consumer reports,Credit reporting,Improper use of your report,Credit inquiries on your report that you don't recognize,"On //2023 I received an alert from       ),  , and  I had inquiries on //2023. I had just gotten a new I phone because mine had been acting up, so I couldn't check it until I got home. I not only found 2 from  but also another one from . 
I called the Credit Reporting Agencies ( CRA ) and the card issuers but the card issuers wouldn't tell me anything and the CRA 's said I had get a police report and FTC report and mail them in, which I did.","TRANSUNION INTERMEDIATE HOLDINGS, INC.",GA,30016,2023-12-03 00:00:00+00:00,Closed with non-monetary relief,Yes,92,0,2023,Untimely response
2016-08-12 00:00:00+00:00,Credit reporting,Not applicable,Incorrect information on credit report,Information is not mine,"I received word from  last year that my information had been accessed. I put a security freeze on my accounts. In the last two months I have received multiple scam emails which had my actual social security number on it and I forwarded those to the  and the FBI. I have also had a collection account place on my report which is not mine! The Collection agency is . This is not my account as I have had a Fraud Alert on my credit since last year I do not know how this got placed on there and I have no knowledge of this account. Also, there are multiple errors on my report which I have tried to get removed such addresses that belong to my ex-husband, and my sister, and my daughters ' credit card accounts! There are also several credit card accounts that are reported twice and should not be reported as they are because I filed bankruptcy in  of 2013! The public record accounts that are on there are shown as derogatory when in reality those accounts are where I set up payments with the IRS because I could not pay all of my taxes at once so I called the IRS before the filing date to set up payments and they agreed. I filed a dispute with  and Experian and they removed the wrong information for a little while but it was placed back my file. Overall, I want the  collection account off my account as it is absolutely not mine!",Experian Information Solutions Inc.,IN,471XX,2016-08-12 00:00:00+00:00,Closed with non-monetary relief,Yes,255,0,2016,Closed with non-monetary relief
2020-08-12 00:00:00+00:00,Vehicle loan or lease,Loan,Problems at the end of the loan or lease,Unable to receive car title or other problem after the loan is paid off,"I would like to file a complaint on Hyundai Motor Finance. I made a final pay off on a new car //2020. I have been seeking the title to the car every since. I have made several attempts. The only thing I have received from them is a refund for {$6.00} over payment, dated on //, ",Other,IL,60466,2020-08-12 00:00:00+00:00,Closed with explanation,Yes,56,0,2020,Closed with non-monetary relief
2025-02-22 00:00:00+00:00,Credit reporting or other personal consumer reports,Credit reporting,Incorrect information on your report,Account status incorrect,"Account has been paid in full to . 

   Original creditor :  Balance {$370.00} Balance updated // Original balance {$370.00} Account info Account number  Date opened // Account type Collection Status Collection account. {$370.00} past due as of //. 

Status updated // Name    Address , MA  Phone number (  ) ","EQUIFAX, INC.",TX,78526,2025-02-22 00:00:00+00:00,Closed with non-monetary relief,Yes,49,0,2025,UNKNOWN
2015-10-29 00:00:00+00:00,Credit reporting,Not applicable,Credit reporting company's investigation,Investigation took too long,"I am sending another complaint because i am becoming extremely concerned about some misinformation that is reporting on my credit report. I have been waiting more than 60 days, I have sent a second complaint and I have disputed this companies response and yet I still do not have a proper resolution to some incorrect reporting on my credit report. 

Experian is reporting false negative items to my credit report damaging my creditability with all of my financial institutions. I would like to extend another complaint to the CFPB with high hopes that my situation will be elevated to a more invasive investigative unit. I am highly concerned that they are continually shutting me down and refusing to properly investigate and validate their wrongful reporting and this process is taking so long that it has left me financial paralyzed. 

1.   card #  is reporting  late payments and that is absolutely false and I would like the CFPB to join forces with  and properly verify this misinformation immediately. 

3. ,  is an account that has violated consumer safety and protection laws against me as a consumer and has to be deleted for falsely and illegally reporting to my credit report with your company. They are in violation of FDCPA laws and are currently under federal investigation for threats, abusive conduct and illegal documentation and non-debt validation. 

4. The TAX Lien was withdrawn from my name and I DONT REQUEST INFORMATION SUCH AS MY NAME TO BE VERIFIED! I have repeatedly asked them to stop sending me generic and uneducated responses verify silly things such as my name and such. I have told them that there are court orders from 2011 withdrawing these invalid liens. VERIFY THAT OR DELETE THE TAX LIEN immediately because you are ILLEGALLY reporting it! 

I will not take ANOTHER generic response as a form of validation of my disputes. Correct these  items immediately, I will not stand for any lack of proof, investigation and evidence which I am requesting as my right by LAW. That is not a proper reinvestigation BY ANY TERMS! I can not afford to wait any longer, it has been way too long, too tedious and I fear as though someone at Experian is purposefully making this hard for me. I want this information corrected, and nothing else. This is my life. Please ...",Experian Information Solutions Inc.,CA,91605,2015-10-29 00:00:00+00:00,Closed with explanation,Yes,391,0,2015,UNKNOWN
2025-01-15 00:00:00+00:00,"Money transfer, virtual currency, or money service",Virtual currency,Confusing or missing disclosures,Not applicable," Transaction  //2023 was sent to the wrong person for  we tried to ask for the money back was never received, stated there is nothing that I can do. but loose the money",WELLS FARGO & COMPANY,FL,33023,2025-01-15 00:00:00+00:00,Closed with explanation,Yes,32,0,2025,UNKNOWN
2020-04-29 00:00:00+00:00,"Credit reporting, credit repair services, or other personal consumer reports",Credit repair services,Fraud or scam,Not applicable,My credit card was paid in full. It is current and I want it out to current and. Not have negative on my credit report. They got there money,CAPITAL ONE FINANCIAL CORPORATION,NJ,085XX,2020-04-29 00:00:00+00:00,Closed with explanation,Yes,29,0,2020,UNKNOWN
2025-06-03 00:00:00+00:00,Credit reporting or other personal consumer reports,Credit reporting,Improper use of your report,Report provided to employer without your written authorization,"Subject : Formal Dispute of Personal and Account Information Under FCRA and Related Federal Statutes To Whom It May Concern : I am submitting this formal response to your investigation summary in relation to my original complaint filed with the Consumer Financial Protection Bureau ( CFPB ). 

Despite your generic resolution notice, my complaint remains unresolved. This response serves as both a continuation of the original dispute and an explicit request for full reinvestigation under federal law. Please consider this a formal dispute under the Fair Credit Reporting Act ( FCRA ), 15 U.S.C. 1681i and a follow-up to my concerns raised under 15 U.S.C. 1681b ( Permissible Purpose ).

1. Unlawful Use of Personal Information ( 15 U.S.C. 1681b ) I have serious concerns that my personal information has been accessed, maintained, or used without my written authorization, in violation of 15 U.S.C. 1681b. You are required to confirm a permissible purpose with verifiable evidence and obtain consent before using or disclosing personal credit file data.

Demand : Please provide documentation confirming which party requested, accessed, or furnished my personal data, the date and basis for that access, and how you confirmed a legally permissible purpose under the FCRA. If you are unable to provide this, you are required to remove the inquiry and all associated personal data collected without consent. 

2. Dispute of Inaccurate Information ( 15 U.S.C. 1681i ) Under 15 U.S.C. 1681i ( a ), I am requesting an immediate reinvestigation of the following inaccurate or unverifiable information : A.    Late Payments ( Reported 2 Years Ago ) This account is inaccurately reporting two late payments from over two years ago. These delinquencies are either outdated, not verified with documentation, or the account should be excluded due to inconsistent reporting. 

Request : Please remove or correct this information unless you or the furnisher can provide clear written documentation of the delinquency, including the exact due date, payment history, and billing statements. If no such verification exists, you are obligated under 1681i ( a ) ( 5 ) to delete the information from my report.

B. Student Loan Accounts I am disputing one or more student loan tradelines listed on my credit profile. These accounts may be : Outdated, duplicated, or Reporting under incorrect personal information, or Falsely showing late payments or balances that are not mine Request : Please provide the furnisher name, the original account servicer, and all reporting documentation. If these can not be verified, the loans must be deleted under 1681i ( a ).

Personal Information Discrepancies ( 15 U.S.C. 1681g / 1681c ) My file includes inaccurate personal identifiers, such as outdated or unverified addresses, aliases, or employment information that I have never used or approved for use in credit reporting.

Request : I demand a complete list of : All addresses, employers, and aliases listed in your file The source ( data furnisher ) of each entry The date it was added and Whether it was verified Under 15 U.S.C. 1681g ( a ) ( 1 ), you must provide this information in writing and correct/delete all unverified data immediately.

Failure to Properly Investigate Your response to my original CFPB complaint was a form letter, which did not address any of the specific issues I raised. Per FCRA 1681i ( a ) ( 3 ), if a consumer identifies specific disputed items and provides supporting documentation, the CRA is obligated to perform a reasonable investigation and provide a substantive response.

Request : I am demanding a line-by-line response and reinvestigation. Please do not respond with general instructions or send template responses. If you can not verify an item, it must be deleted under FCRA guidelines. 


Please be advised I am documenting this request for future legal action if necessary. If Equifax fails to act within the required 30-day window, I will escalate this to the Federal Trade Commission ( FTC ) and may pursue additional remedies under FCRA 1681n ( willful noncompliance ) or 1681o ( negligent noncompliance ), which entitle me to damages and attorneys fees. 

You are legally required to update me in writing with the full results of your investigation and provide a corrected credit report if any changes are made. Call my report I have no history of late payments. I am creditworthiness of paying timely and solid personal and business credit.","EQUIFAX, INC.",TN,37172,2025-06-03 00:00:00+00:00,Closed with non-monetary relief,Yes,725,0,2025,Untimely response
2022-07-13 00:00:00+00:00,"Credit reporting, credit repair services, or other personal consumer reports",Credit reporting,Incorrect information on your report,Public record information inaccurate,I disputed a bankruptcy that was reported to the credit bureaus on my credit report by . I reached out to the bureau and they said   verified this bankruptcy belonged to me. I in turn reached out to    to see where they got this information and how was it verified. They told me thru the courts. I verified the us bankruptcy court does not provide information to 3rd parties. I have a right to privacy and for  to illegally obtain that information is in violation of my consumer rights to privacy. It was not verified thru the source and needs to be removed or I will seek monetary support. 15 U.S.C 1681 section 602 A. States I have the right to privacy.,Experian Information Solutions Inc.,AR,72015,2022-07-13 00:00:00+00:00,Closed with non-monetary relief,Yes,122,0,2022,Closed with explanation
2025-12-26 00:00:00+00:00,Credit reporting or other personal consumer reports,Credit reporting,Incorrect information on your report,Information belongs to someone else,"b'I am submitting this formal request for the immediate and permanent removal of multiple inaccurate and unverifiable items currently reported on my credit file across Experian, Equifax, and TransUnion. I have reviewed my credit reports carefully and identified several collections and inquiries that are either duplicated, outdated, or inaccurately reported, and therefore should be permanently removed in accordance with federal law.\nRegarding collections,  reporting on behalf of      , has inaccurately reported the same debt multiple times, reflecting a balance of  on Experian, Equifax, and TransUnion. This repeated reporting is misleading, inaccurate, and constitutes a violation of FCPA 807 (15 U.S.C. 1692e) and FDCPA 809 (15 U.S.C. 1692g). Additionally,   , as the reporting agency for      has inaccurately reported a balance of   on Experian. These items are not only misleading but also cause harm to my credit reputation and financial opportunities, and therefore must be permanently removed.\nIn addition, I dispute multiple hard inquiries that were inaccurately reported or are otherwise unverifiable. On Experian, the disputed inquiries include                                                                       . On TransUnion, the disputed inquiries include          These inquiries are inaccurate, unauthorized, or unverifiable and should be removed immediately in accordance with FCRA 619  15 U.S.C. 1681q, FCRA 604(a)  15 U.S.C. 1681b(a), and FCRA 604(f)  15 U.S.C. 1681b(f).'","EQUIFAX, INC.",FL,33161,2025-12-26 00:00:00+00:00,Closed with non-monetary relief,Yes,202,0,2025,Closed with explanation
2019-10-01 00:00:00+00:00,Credit card or prepaid card,General-purpose credit card or charge card,Fees or interest,Charged too much interest,"Hello - I have a promotional APR on my account that expires on //2019. However, I was still charged {$12.00} in interest for my last statement and I'm not sure why. Can I waive this interest and get an explanation on why I'm getting it so I can avoid it in the future? Thanks!",DISCOVER BANK,NY,14850,2019-10-01 00:00:00+00:00,Closed with monetary relief,Yes,54,0,2019,Closed with explanation
2023-12-30 00:00:00+00:00,Credit reporting or other personal consumer reports,Credit reporting,Incorrect information on your report,Information belongs to someone else,"  Experian and  have violated my consumer rights, and I have provided proof multiple times. But unfortunately, these companies believe themselves to be higher than the law itself. 

Who is going to govern these agencies? 

By the Fair Credit Reporting Act. The List of accounts below has violated my federally protected consumer rights to privacy and confidentiality under 15 USC 1681. 

  -  - THIS ACCOUNT IS INACCURATE, I DID NOT INCUR ANY LATE PAYMENTS. PLEASE UPDATE TO PAID ON TIME     - Please delete this item immediately. 

    - THIS ACCOUNT IS INACCURATE, I DID NOT INCUR ANY LATE PAYMENTS. PLEASE UPDATE TO PAID ON TIME   -  - THIS ACCOUNT IS INACCURATE, I DID NOT INCUR ANY LATE PAYMENTS. PLEASE UPDATE TO PAID ON TIME     - THIS ACCOUNT IS INACCURATE, I DID NOT INCUR ANY LATE PAYMENTS. PLEASE UPDATE TO PAID ON TIME INQUIRY  - //  - This account is inaccurate and fraudulent. I? m seeking Litigation. Please delete at once. 

INQUIRY - // - This account is inaccurate and fraudulent. I? m seeking Litigation. Please delete at once. 

INQUIRY - //  This account is inaccurate and fraudulent. I? m seeking Litigation. Please delete at once. 

INQUIRY - //  This account is inaccurate and fraudulent. I? m seeking Litigation. Please delete at once. 

INQUIRY - // - This account is inaccurate and fraudulent. I? m seeking Litigation. Please delete at once. 

INQUIRY - //  - This account is inaccurate and fraudulent. I? m seeking Litigation. Please delete at once. 

INQUIRY - //  This account is inaccurate and fraudulent. I? m seeking Litigation. Please delete at once. 

   - Please delete this item immediately. 

   -  - THIS ACCOUNT IS INACCURATE, I DID NOT INCUR ANY LATE PAYMENTS. PLEASE UPDATE TO PAID ON TIME   -  - THIS ACCOUNT IS INACCURATE, I DID NOT INCUR ANY LATE PAYMENTS. PLEASE UPDATE TO PAID ON TIME    -  - THIS ACCOUNT IS INACCURATE, I DID NOT INCUR ANY LATE PAYMENTS. PLEASE UPDATE TO PAID ON TIME     - THIS ACCOUNT IS INACCURATE, I DID NOT INCUR ANY LATE PAYMENTS. PLEASE UPDATE TO PAID ON TIME INQUIRY - //  - This account is inaccurate and fraudulent. I? m seeking Litigation. Please delete at once. 

INQUIRY - // - This account is inaccurate and fraudulent. I? m seeking Litigation. Please delete at once. 

INQUIRY - // - This account is inaccurate and fraudulent. I? m seeking Litigation. Please delete at once. 

INQUIRY - //  - This account is inaccurate and fraudulent. I? m seeking Litigation. Please delete at once. 

INQUIRY - //  - This account is inaccurate and fraudulent. I? m seeking Litigation. Please delete at once. 

INQUIRY - //  This account is inaccurate and fraudulent. I? m seeking Litigation. Please delete at once. 

INQUIRY - //  - This account is inaccurate and fraudulent. I? m seeking Litigation. Please delete at once. 

INQUIRY - //  - This account is inaccurate and fraudulent. I? m seeking Litigation. Please delete at once. 

INQUIRY  //  This account is inaccurate and fraudulent. I? m seeking Litigation. Please delete at once. 

INQUIRY - // - This account is inaccurate and fraudulent. I? m seeking Litigation. Please delete at once. 

INQUIRY - // - This account is inaccurate and fraudulent. I? m seeking Litigation. Please delete at once. 

INQUIRY - // - This account is inaccurate and fraudulent. I? m seeking Litigation. Please delete at once. 

INQUIRY - //  - This account is inaccurate and fraudulent. I? m seeking Litigation. Please delete at once. 

INQUIRY - //   This account is inaccurate and fraudulent. I? m seeking Litigation. Please delete at once. 

INQUIRY - //  - This account is inaccurate and fraudulent. I? m seeking Litigation. Please delete at once. 

INQUIRY - //   This account is inaccurate and fraudulent. I? m seeking Litigation. Please delete at once. 

  -  - THIS ACCOUNT IS INACCURATE, I DID NOT INCUR ANY LATE PAYMENTS. PLEASE UPDATE TO PAID ON TIME    - Please delete this item immediately. 

    - THIS ACCOUNT IS INACCURATE, I DID NOT INCUR ANY LATE PAYMENTS. PLEASE UPDATE TO PAID ON TIME     - THIS ACCOUNT IS INACCURATE, I DID NOT INCUR ANY LATE PAYMENTS. PLEASE UPDATE TO PAID ON TIME   -  - THIS ACCOUNT IS INACCURATE, I DID NOT INCUR ANY LATE PAYMENTS. PLEASE UPDATE TO PAID ON TIME INQUIRY  - // - This account is inaccurate and fraudulent. I? m seeking Litigation. Please delete at once. 

INQUIRY - // - This account is inaccurate and fraudulent. I? m seeking Litigation. Please delete at once. 

INQUIRY - //  - This account is inaccurate and fraudulent. I? m seeking Litigation. Please delete at once. 

INQUIRY - //  - This account is inaccurate and fraudulent. I? m seeking Litigation. Please delete at once. 

XXXXNQUIRY - // - This account is inaccurate and fraudulent. I? m seeking Litigation. Please delete at once. 

INQUIRY - // - This account is inaccurate and fraudulent. I? m seeking Litigation. Please delete at once. 

INQUIRY - //  - This account is inaccurate and fraudulent. I? m seeking Litigation. Please delete at once. 


 , Experian, and  have violated my rights. 

15 U.S.C 1681 section 602 A. States I have the right to privacy.

15 U.S.C 1681 Section 604 A Section 2 : It also states a consumer reporting agency can not furnish an account without my written instructions 15 U.S.C 1681c. ( a ) ( 5 ) Section States : no consumer reporting agency may make any consumer report containing any of the following items of information or Any other adverse item of information, other than records of convictions of crimes which antedates the report by more than seven years.

15 U.S.C. 1681s-2 ( A ) ( 1 ) A person shall not furnish any information relating to a consumer to any consumer reporting agency if the person knows or has reasonable cause to believe that the data is inaccurate.",Experian Information Solutions Inc.,NY,10801,2023-12-30 00:00:00+00:00,Closed with explanation,Yes,970,0,2023,Closed with explanation
2025-08-05 00:00:00+00:00,Credit reporting or other personal consumer reports,Credit reporting,Incorrect information on your report,Information belongs to someone else,"This is a follow-up to my previous written dispute regarding fraudulent accounts and inquiries appearing on my consumer report. Per FCRA 605B ( 15 U.S.C. 1681c-2 ), you are required to block all information resulting from identity theft within four business days of receipt.

The following accounts and inquiries do NOT belong to me and were obtained fraudulently without my consent : ACCOUNTS :  - Account Number :          , Date Opened : //, Balance : {$0.00}   - Account Number :              , Date Opened : //, Balance : {$420.00}     - Account Number :           , Date Opened : //, Balance : {$940.00}  &    Account Number :         , Date Opened : //, Balance : {$570.00}     - Account Number :           , Date Opened : //, Balance : {$810.00}     - Account Number :           , Date Opened : //, Balance : {$950.00}   - Account Number :             , Date Opened : //, Balance : {$0.00} INQUIRIES :      Date : //   Date : //   Date : //  Date : //   Date : //  Date : //  Date : //   Date : //    Date : //    Date : //    Date : //    Date : //    Date : //      Date : //",Experian Information Solutions Inc.,SC,29505,2025-08-05 00:00:00+00:00,Closed with explanation,Yes,192,0,2025,Untimely response
2018-04-08 00:00:00+00:00,Credit card or prepaid card,General-purpose credit card or charge card,Closing your account,Company closed your account,"Hello, Chase closed all my credit card accounts both personal and my 1 business card. When I called them after have my card declined, they said your account is closed when I asked why they said they cant see anything further and they will transfer me to a supervisor who may be able to help. The supervisor got on the phone, after explaining the reason of my call, she pulled up my account and said chase doesnt take closing customer accounts lightly, youll receive a letter in the mail in the next 10 business days describing why your accounts where closed. I asked if she can tell me over the phone, she said she doesnt have that information and it will be provided in the letter. I got the letter for my personal cards, and the letter said my accounts were closed due to unexpected activity. This response left me puzzled. Ive been a loyal chase customer since Id say 2012 or so, never had a late payment, never missed any due dates and used chase as my primary credit card. After I received this letter I called 3 different times to see if I can appeal this decision and each time I callIed they told me my information was no longer in the system and they couldnt not pull up my account. Not to mention, the closed my one business card as well 3 weeks later. For this card, there was no letter, no explanation, no nothing.",JPMORGAN CHASE & CO.,NY,10952,2018-04-08 00:00:00+00:00,Closed with explanation,Yes,248,0,2018,Closed with explanation
2025-02-04 00:00:00+00:00,Credit card,General-purpose credit card or charge card,Getting a credit card,Application denied,"I received  credit rejection letters ( so far ) that I didnt submit applications for. 

Fraudulent attempts to obtain credit under my name were/are being made. Below are the banks and the dates on the letters received. 

          Bank of America    Im glad credit was not issued however, Im very concerned that these attempts are happening and may negatively impact my  . I would like to see corrective and protective measures put into effect. 

I have no plan to apply for credit anytime soon! 

 ","BANK OF AMERICA, NATIONAL ASSOCIATION",DC,20009,2025-02-04 00:00:00+00:00,Closed with non-monetary relief,Yes,83,0,2025,Closed with explanation
2024-06-18 00:00:00+00:00,Credit reporting or other personal consumer reports,Credit reporting,Incorrect information on your report,Account information incorrect,"   reports to the credit reports that my monthly mortgage payment is {$6300.00} while in effect it is only {$3100.00} for principal and interest. The reminder is for escrow payment. However this does not get explained to anyone else who sees my credit report and they pick up my minimum payment of {$6300.00} rather than . As such other lender ratio analysis doe not qualify me for credit. This needs to be changed so that only the {$3100.00} is being reported as a liability payment. This is incorrect. I effect Planet Home Lending reports a me having $  of liability to them, rather than $ .",Experian Information Solutions Inc.,CA,925XX,2024-06-18 00:00:00+00:00,Closed with explanation,Yes,105,0,2024,UNKNOWN
2023-12-22 00:00:00+00:00,Credit reporting or other personal consumer reports,Credit reporting,Incorrect information on your report,Information belongs to someone else,"I'm a casualty of data fraud. I'm writing to demand that you block the accompanying fake data from my credit report. I'm currently applying for another credit and these mistakes are causing an issue with my FICO ratings revealing appropriately, so any assist you with canning give me with refreshing this data straightaway would be enormously valuable. We are hoping to purchase a house. If it's not too much trouble, help","TRANSUNION INTERMEDIATE HOLDINGS, INC.",MO,641XX,2023-12-22 00:00:00+00:00,Closed with non-monetary relief,Yes,71,0,2023,UNKNOWN
2025-01-16 00:00:00+00:00,"Money transfer, virtual currency, or money service",Domestic (US) money transfer,Other transaction problem,Not applicable,"I am filing a complaint against Cash App ( Block , INC ) due to inadequate customer service and unfair practices, which violate the consumer financial protection Act. Specifically, Cash app failed to take timely and effective measures to prevent and address fraud on their platform, leaving my account vulnerable and deceptive as they did not comply with error resolution requirements under the EFTA and regulation E. these actions had caused significant inconvenience and financial loss, and I seek appropriate redress for these violations.","Block, Inc.",CA,94551,2025-01-16 00:00:00+00:00,Closed with explanation,Yes,84,0,2025,UNKNOWN
2021-01-21 00:00:00+00:00,"Credit reporting, credit repair services, or other personal consumer reports",Credit reporting,Problem with a credit reporting company's investigation into an existing problem,Investigation took more than 30 days,"I am very tired of all of this. I submitted over 30 days ago that these accounts are inaccurate and a violation. These accounts are defaming my character, harasssing me, violating my rights which all are a violation according to    a.b.c.d.","TRANSUNION INTERMEDIATE HOLDINGS, INC.",TN,38135,2021-01-21 00:00:00+00:00,Closed with explanation,Yes,41,0,2021,UNKNOWN
2023-03-22 00:00:00+00:00,"Credit reporting, credit repair services, or other personal consumer reports",Credit reporting,Problem with a credit reporting company's investigation into an existing problem,Their investigation did not fix an error on your report,"I have asked for verification documents including the original signed contract agreement, the dates the account was opened/closed, and the total amount due including interest/ fees. Also In accordance with the Fair Credit Reporting Act     Accounts #  has violated my rights. 
15 U.S.C 1681 section 602 A. states I have the right to privacy.

15 U.S.C Section 604 A section 2. It also states that a consumer reporting agency can not furnish an account without my written instructions.","EQUIFAX, INC.",NC,27520,2023-03-22 00:00:00+00:00,Closed with explanation,Yes,78,0,2023,Closed with explanation
2023-05-16 00:00:00+00:00,"Credit reporting, credit repair services, or other personal consumer reports",Credit reporting,Improper use of your report,Reporting company used your report improperly,"In accordance with the Fair Credit Reporting act. The List of accounts below has violated my federally protected consumer rights to privacy and confidentiality under 15 USC 1681. 

  :  has violated my rights. 

15 U.S.C 1681 section 602 A. States I have the right to privacy.

15 U.S.C 1681 Section 604 A Section 2 : It also states a consumer reporting agency can not furnish a account without my written instructions 15 U.S.C 1681c. ( a ) ( 5 ) Section States : no consumer reporting agency may make any consumer report containing any of the following items of information Any other adverse item of information, other than records of convictions of crimes which antedates the report by more than seven years.

15 U.S.C. 1681s-2 ( A ) ( 1 ) A person shall not furnish any information relating to a consumer to any consumer reporting agency if the person knows or has reasonable cause to believe that the information is inaccurate.","TRANSUNION INTERMEDIATE HOLDINGS, INC.",TX,799XX,2023-05-16 00:00:00+00:00,Closed with non-monetary relief,Yes,162,0,2023,Closed with explanation
2024-04-26 00:00:00+00:00,Credit reporting or other personal consumer reports,Credit reporting,Problem with a company's investigation into an existing problem,Their investigation did not fix an error on your report,"Mortgage is not escrowed. Insurance company for a period of a month and few days,  to  2023, like most insurance companies, of late, out of nowhere dropped insurance on property without due cause. In that time period a new insurance company and policy had to be secured and was secured. The {$670.00} mortgage payment for ,  and  has been paid. This matter is being disputed with all credit bureaus but credit bureaus are only contacting customer service and the matter goes much deeper than getting a customer service rep to pull up the acct on screen and saying yes the mortgage is owed. A deeper dive into the history of this problem needs to be done.   rep   for further information. The run of the mill service rep at the  number can not provide accurate information regarding this issue. A dispute will continue to be filed until this matter is favorably resolved.",Experian Information Solutions Inc.,NJ,088XX,2024-04-26 00:00:00+00:00,Closed with explanation,Yes,151,0,2024,Closed with explanation
2023-05-22 00:00:00+00:00,"Credit reporting, credit repair services, or other personal consumer reports",Credit reporting,Improper use of your report,Report provided to employer without your written authorization,"In accordance with the Fair Credit Reporting act. The list of accounts below has violated my federally protected consumer rights to privacy and confidentiality under 15 U.S.C 1681. ACCOUNT Name :           and    15 U.S.C 1681 section 602 A. States I have the right to privacy. 15 U.S.C 1681 section 604 A Section 2 : It also states a consumer reporting agency can not furnish an account without my written instructions. 15 U.S.C 1681c. ( a ) ( 5 ) Section States : no consumer reporting agency may make any consumer report containing any of the following items of information Any other adverse item of information, other than records of convictions of crimes which antedates the report by more than seven years. 15 U.S.C 1681s-2 ( A ) ( 1 ) A person shall not furnish any information relating to a consumer to any consumer reporting agency if the person knows or has reasonable cause to believe that the information is inaccurate.",Experian Information Solutions Inc.,CA,90803,2023-05-22 00:00:00+00:00,Closed with explanation,Yes,161,0,2023,Closed with explanation
2021-02-04 00:00:00+00:00,"Money transfer, virtual currency, or money service",Mobile or digital wallet,Fraud or scam,Not applicable,"I was supposedly buying a    puppy from a breeder in Iowa. I had saved up around {$700.00} for buying a puppy, not a very big budget but I hoped I'd be able to find something in that price range. The puppy was supposedly {$650.00} and that includes the cost of shipping. His phone number was from Iowa, and they gave me a website and a contract, it all looked real. The people I was buying from asked if I could send the money on zelle, an app I had never used before. Thinking this app was much like  or , I agreed. I downloaded the app to find out that I needed to use my  app, and send the zelle through there. After I sent the first payment, a "" deposit '' to hold the puppy for me, everything seemed like it was going well. They then sent a contract to me, in regards to the puppy 's health, and a guarantee of it. After I signed the contract digitally they then said the rest of the payment was due. I then sent the remaining {$350.00} to the guy. Both these payments took place on //2021. The told me the puppy would be shipped out, and delivered the same day, //2021. I was elated. Around  on the 2nd, I received a phone call from the "" shipping company '' saying that the carrier the puppy was being shipped in was not suitable for the weather, and I'd need to rent a crate from them for {$98.00}, and also pay for insurance for the puppy, another {$300.00} something, totaling around {$500.00}. He also told me that 95 % of the cost of the insurance would be refunded to me upon the puppy 's delivery. I grew a bit suspicious at this point. I even said this feels like a scam. I'm so mad I didn't listen to my gut. I told the man I didn't have that kind of money. He told me I needed to pay them, or the puppy could die. That if I didn't upgrade the crate or get the insurance they couldn't guarantee the puppy 's safety. I panicked. The thought of this puppy dying in transit was horrifying. But I didn't have that much money. I told the man on the phone that the seller was supposed to handle shipping costs, that he should contact them. He told me that I was the legal owner of the animal, so I was the one that had to handle it. He said I could talk to the seller and try to work something out with them, and once I did to call back ASAP so there would be no delays in shipment. Panicking, I got in contact with the seller. They told me that this "" wasn't shipping '' and that I should be responsible for the payment. I told them I didn't have that much money. They told me they only had {$180.00} to contribute. Defeated, I asked my boyfriend if I could borrow a couple hundred from him, and told him I'd pay him back immediately when the money was returned to me. He gave me the money to send to them. The seller told me that they had sent the shipping company the {$180.00}, and that I should just send the remainder to them to send over to the company as well. I was confused, and I tried calling the shipping company again. Unfortunately the guy was very hard to understand, and I could only make out half of what he was saying. He told me the sellers were taking care of it and I should continue talking to them, along with some other things I couldn't make out. I tried asking questions but was quickly shut down, and then he hung up on me. Defeated yet again, I reached back out to the seller. They told me I needed to either zelle them the money again, or send it to them via bitcoin. I of course didn't have any bitcoin, and didn't want to send anyone any money in what I KNEW was untraceable and could not be connected back to them. They gave me a different zelle from the original one I had sent money to. I reluctantly sent the money over totaling my loss at {$940.00}, telling myself once I had the puppy in my arms it would all be worth it. Later that night, when the puppy was supposed to be arriving at my apartment, I was contacted by the seller who told me no one was available to make deliveries at that time of night, and that she'd be delivered the next morning. My heart sank. I clung to hope, and waited until the next morning. Once  rolled around, and still no word from anyone, I reached out to the seller with no response. I then called the shipping company, and got through to them after my second phone call. They told me the puppy was currently being held in , and that she'd be in my state, Pennsylvania, by  that night, today, //2021. After telling me this, he was once again very dismissive and didn't want to answer my questions. He hung up again before I had gotten all my answers. At this point my suspicion was immense, but I was still in a bit of denial. I told myself I'd reach out to the shipping company again later, and this time I'd get definite answers. Well I tried calling them several times, and could not get through to them. Finally I accepted the facts. I got scammed. They took all my money, some of my boyfriend 's money, and we would never see that puppy. After crying for a bit at my foolishness, I tried contacting my bank and zelle because I thought they would be able to do something. They told me there was nothing they could do for me, that all I could do was file a claim in small claims court. I can't even do that. I don't even have the money to pay for the fee to file a claim. I thought zelle was traceable. I thought there'd be a trail of where and who the money went to, and if something happened I'd be safe and secure, or at the very least they'd be able to find the person who did this. They can't. There's nothing I can do now except ask for help, and spread the word of what happened to me. I've attached multiple screenshots of the money transfers, the contract, both the "" breeder '' and "" shipping company 's '' websites, as well as some screenshots of messages between the seller and I. Thank you for taking the time to look into this.",Other,PA,180XX,2021-02-04 00:00:00+00:00,Closed with explanation,Yes,1134,0,2021,Closed with explanation
2022-09-30 00:00:00+00:00,"Credit reporting, credit repair services, or other personal consumer reports",Credit reporting,Improper use of your report,Reporting company used your report improperly,"In accordance with the Fair Credit Reporting and   Account                                   XXXXt                   , has violated my rights.

15 U.S.C 1681 section 602 A. states I have a right to privacy.

15 U.S.C 1681 Section 604 2. It also states a consumer reporting agency can not furnish an account without my written instructions","TRANSUNION INTERMEDIATE HOLDINGS, INC.",MI,48093,2022-09-30 00:00:00+00:00,Closed with non-monetary relief,Yes,50,0,2022,Closed with explanation
2023-08-20 00:00:00+00:00,"Credit reporting, credit repair services, or other personal consumer reports",Credit reporting,Problem with a credit reporting company's investigation into an existing problem,Their investigation did not fix an error on your report,"The credit bureaus stated              were properly investigated but how is this possible if both of the accounts are charged off and both accounts have a past due balance. This is grounds for removal, they also violated my rights under 15 U.S.C 1681 Section 604 A Section 2 : The law clearly states a consumer reporting agency can not furnish an account without my written instructions. I havent given the credit bureaus written permission to furnish these accounts on my credit report as well.","TRANSUNION INTERMEDIATE HOLDINGS, INC.",MA,01702,2023-08-20 00:00:00+00:00,Closed with non-monetary relief,Yes,83,0,2023,Closed with explanation
2019-08-07 00:00:00+00:00,"Credit reporting, credit repair services, or other personal consumer reports",Credit reporting,Incorrect information on your report,Account status incorrect,"In // the United States shut down causing myself and hundreds of thousands of federal employees to go without pay for approx. two pay periods or a month. I contacted my mortgage company and told them I wouldn't be able to pay  's mortgage and did they have any programs I could get into so I wouldn't show negative on my credit report because I had been working to improve my credit so that I could possibly refinance my mortgage. I was told that there was a program I might be eligible for and all I had to do was send in some documentation. I work in an office where I have access to fax machines and computers so I sent the information in several times and even had co-workers fax it in for me because ( Roundpoint ) my mortgage company kept sending letters that they hadn't received the documents. At one point Roundpoint even told me that they didn't understand the information I had sent them so I revamped that and sent it in. When I began getting frustrated with the stall tactics and the run around I was receiving I attempted to call and once I inputted my account number I was told that there was nothing I needed to do but wait until I was contacted. As the time was passing I continued to send all other payments on time while trying to get accepted into the program, finally three months out I spoke to someone that told me he could see that they had my information but if I followed through with the program my loan would be rewritten and things like the interest could change ; he advised me to find a way to pay the missed month to save time and trouble. By this time it is  and I had already paid  's mortgage ( on time ) so I made an additional payment to catch up and to eliminate the stress I was going through. Up into this point I was reported as current on my mortgage, however as soon as I made the second payment Roundpoint reported my as thirty days late on my mortgage sending my credit plummeting making years of struggling for nothing. I had the same thing happen in // while applying for a program then, but that incident I just let go. To make a long story short I really need this to be taken off of my credit report, first because it isn't true and secondly because it is unfair for Roundpoint to force me to stay with them through lies and manipulation. I contacted them and requested they remove the negative report and I was told that they were within their rights to make the report even though we had been working on this since .",Other,MI,48021,2019-08-07 00:00:00+00:00,Closed with explanation,Yes,471,0,2019,UNKNOWN
2025-08-19 00:00:00+00:00,Checking or savings account,CD (Certificate of Deposit),Managing an account,Deposits or withdrawals,"As a life long customer of Chase bank ( from when you were known as Manufacturers  ), I am abysmally disappointed in the way your banking business is presently handling customer care. 

My brother passed away almost   years, and it has been one roadblock after another getting his banking in order. Most recently, we found an account in his name and our mothers name, which opened up a  box. 

After following all the directives I was given, both at the branch ( which has been very helpful ) and contacting the correct department, it has been  lie after another ( since all calls are recorded, I urge you to listen to them ). All steps, documents, faxes, copies, etc. were received, because I have sent everything to be signed for, I have the card to prove it, it has been nothing but extremely frustrating with everyone passing the buck.

1st time : we received it has to be sent to our back office. Call us in  days. Okay  time : I waited the weekend and a day and called again.  be another  days from the moment it reaches the back office. Okay  time : it is being processed, you should have everything by , call us back. Okay ( Now  mad! )  time : //year>. We need another  days. What? 

Now, Im not mad, I am beyond angry, frustrated and disappointed at the lack of accountability, responsibility, work ethic and right out attitude and deception I am getting from Chase. How does a powerhouse like Chase fall so low.",JPMORGAN CHASE & CO.,NY,11358,2025-08-19 00:00:00+00:00,Closed with explanation,Yes,259,0,2025,UNKNOWN
2024-08-27 00:00:00+00:00,Mortgage,Conventional home mortgage,Trouble during payment process,Fees charged,"Regions mortgage acquired my mortgage in . Since the start of the year they have been cashing my bill-pay checks later and later, and have assessed me 2 late fees this year. They have waived 1, but will not budge on the most recent one. My bank,  sent out a bill-pay check by mail on  with a check dated . Regions did not cash that check ( according to them ) until //, but  shows that the check was cashed on //. My mortgage contract specifies that a payment is late after //, and  sent the check with plenty of time to make it to regions. 

Regions appears to be delaying cashing my checks until they can assess a late fee on me. They have suggested using their online web pay, but I do not trust their website, and their lack of technical prowess shows in the way they do not accept ach bill pay. 

I would like the CFPB to tell Regions to cash my checks when they are received, interoperate with ACH billpay networks, and stop assessing me erroneous fees. Regions should waive the late fee they assessed on //.",Other,TX,75010,2024-08-27 00:00:00+00:00,Closed with monetary relief,Yes,192,0,2024,UNKNOWN
2020-08-03 00:00:00+00:00,Mortgage,FHA mortgage,Applying for a mortgage or refinancing an existing mortgage,Not applicable,"On // before our Forbearance ends up on  . We applied for Partial Claim which of the benefits of FHA Mortgage, since according to FHA Guidelines, we are qualified because we are only 30 days Past Due. The last payment we made was // which covers our . Our Forbearance was started on // and supposedly end up last   and they offer us another 1 month extension. According to Ms  from Amerihome dtd // i might not be qualified because we are Current. From FHA Mortgage its cleared that if borrowers are current or 30 days past due we are entitled to apply for Partial Claim. And all of the sudden they sent letters : - 1st Disapproved us for Partial Claim dtd // letter - 2nd Disappoved us for Disaster Modification dtd // letter - 3rd Disapproved us again for Payment Plan thru Phone with   dtd // Today I spoke with Ms  ID # , I begged her to review our Payment History, she said we were past due for 152 days according on her system which they include 1st day of Forbearance //. And I said to Ms  Past due should be srarting on // because they still received my pymnt on // for our  ... so we are only past due for 30 days. And she reviewed it and  said, I am right. 


Please help us to save our home and they want us to apply for Loan Modification which it was cleared that we can avail Partial Claim, please help us, this servicing bank are always giving us a hard time since than. It look like they not trying to help us, they are trying to take our home thru foreclosure, because if we will apply for loan modification they will deny us again, because we got our Loan Modification last year on // which they buried us for a high interest of 4.625 %. They are not treating us fair. A very cleared discrimination. Instead of helping or offers us a better programs tgey denied us 3x in a row // to save our home after COVID, look like they are very interested to get our home. And the comoany where my brother used to work waS temporary Covid Issues and just recently reopened this month if  thru . 

Please help us, we need someone that will protect us from U fair treatment by serving mortgage company. 


Thank you  (  )  ( authorized person-sibling ) For The Account :         NJ   (  ) ",Other,NJ,076XX,2020-08-12 00:00:00+00:00,Closed with explanation,Yes,417,9,2020,UNKNOWN
2021-01-22 00:00:00+00:00,Checking or savings account,Checking account,Opening an account,Account opened as a result of fraud,"In the beginning of  Bank of America allowed someone to open an account in my name online. I was informed of this when a statement was delivered to my residence. Immediately, I called to find out how this happened. After filing a complaint with them, I was informed that the account had been on //14 ; however, in the early part of  I received another statement from this account. I called Bank of America again and was reassured the account was closed. On //, I mailed them a certified letter demanding that they immediately close this account. It is // and I have not heard anything back yet.","BANK OF AMERICA, NATIONAL ASSOCIATION",LA,70806,2021-01-22 00:00:00+00:00,Closed with non-monetary relief,Yes,108,0,2021,Untimely response
2026-01-26 00:00:00+00:00,Vehicle loan or lease,Loan,Getting a loan or lease,Confusing or misleading advertising or marketing,"I am submitting a formal complaint against        and Easy Acceptance regarding deceptive, predatory, and unlawful lending practices related to my vehicle purchase and financing. 

At the time of sale, I was  months pregnant and medically vulnerable. I was subjected to high-pressure sales tactics and was not properly informed of the true loan terms. The dealership failed to disclose the APR ( 21.90 % ), finance charges, and total cost of credit prior to signing, in violation of federal disclosure requirements. 

I did not receive a complete copy of the retail installment contract at the time of signing and was not provided my contract until months later, despite repeated requests. When I finally received the contract, I discovered material loan terms that had never been disclosed to me. 

Within  hours of taking possession of the vehicle, I went into labor. After discharge from the hospital, I discovered the vehicle had serious mechanical defects, requiring major suspension repairs and extended service time. The dealership had not even performed a basic oil change prior to delivery. Repairs were only made after I threatened to return the vehicle. 

Despite placing the account in dispute, I was subjected to repeated harassing collection calls and text messages. 

I also discovered that an unauthorized vehicle inquiry and/or tradeline was placed on my credit report for a vehicle I never purchased, constituting unauthorized access to my credit and inaccurate credit reporting. 

Due to these violations, I have served both companies with a formal pre-litigation legal notice demanding rescission of the contract, full refund, and deletion of all credit reporting. I am requesting immediate regulatory investigation and enforcement. 

All supporting documentation and evidence are attached.",Other,IL,60160,2026-02-04 00:00:00+00:00,Closed with explanation,Yes,276,9,2026,Closed with explanation
2020-03-27 00:00:00+00:00,"Credit reporting, credit repair services, or other personal consumer reports",Credit reporting,Problem with a credit reporting company's investigation into an existing problem,Their investigation did not fix an error on your report,"I have submitted several letters to the bureaus about fraudulent information on my credit report due to Identity Theft. They have removed or updated most of the issues except for removal of the bankruptcy that no one can legally verify or validate.  and  have removed the account from my report, however,   and Transunion have failed to do so along with other inaccurate issues. I have provided them with copies of letters from the court they named as well as a letter from  stating they have removed the record. I also provided them with a copy of my police report. I am attaching these same documents to my complaint to show that the documents indeed exist. 
My reputation and ability to acquire a   is being jeopardized due to the lack of proper investigation, validation and/or verification of my information.","TRANSUNION INTERMEDIATE HOLDINGS, INC.",GA,30044,2020-03-27 00:00:00+00:00,Closed with explanation,Yes,138,0,2020,Closed with explanation
2022-03-17 00:00:00+00:00,Debt collection,Other debt,Attempts to collect debt not owed,Debt is not yours,"I lived at the  apartments from . In  of  I was advised by   ( manager ) that the unit I was renting would be renovated and that I would have to move. In an effort to assist with relocation I was told You dont have to pay the rent for , save your money to move. It is outlined in the notice. 

I moved from the property on . I did not become aware of the debt being reported to my credit until . At which time I took the following steps. 

// I sent my initial email to   and telephone calls ( no response ) // During a follow up call to   I was told to speak to   //   said he would send me a moveout statement ( per my request ) // Followed up on my request for moveout statement. 

// Spoke with  who said he would be contacting  with next steps //  outreached in an attempt to collect the debt. I explained the situation and was told they would contact   to confirm the amount is error //  said that they had not heard any response from  or any associates from   I have sent a certified verification of debt with my 60 day notice as well as text messages between  ( manager ) and myself to  and  . I received a response from  with a copy of my lease and move-out statement. They refuse to acknowledge any of the proof that shows the debt is being reported in error. 

There were numerous attempts to contact  thereafter with no response. Upon reviewing the ledger I am being charged for  Rent :  + late fee   Rent  + late fee  These charges are wrong and I have exhausted all possible remedies with the collection company and original company  .",Other,CA,90620,2022-03-17 00:00:00+00:00,Closed with explanation,Yes,298,0,2022,Closed with explanation
2023-09-23 00:00:00+00:00,Credit reporting or other personal consumer reports,Credit reporting,Incorrect information on your report,Information belongs to someone else,"To : Whom It May Concern : This notice is to inform you that you are unlawfully reporting an unauthorized inquiry on my consumer report. I have not given you permission to access my credit profile and you have no permissible purpose by law to contact third parties with my private or personal information. Your offenses amount to Aggravated Identity Theft pursuant to 18 U.S.C. 1028A. You have knowingly transferred, possessed, or used, without lawful authority, a means of identification of me, which is a felony punishable with up to 2 years of imprisonment, in addition to civil liability.

By obtaining my CREDIT BUREAU consumer report on DATE without my permission, or without a permissible purpose by law, you are also in violation of the Fair Credit Reporting Act ( FCRA ) codified at 15 U.S.C 1681b ( a ) 3 ( f ) ( i ).   ,      ( S.D. .  ) I have not initiated any transaction with The following companies please remove these items IMMEDIATELY : {                                                                                                                                                                                       // - REMOVE INQUIRY } Pursuant to 15 U.S.C. 1681n ( a ), Any person who knowingly and willfully obtains information on a consumer from a consumer reporting agency under false pretenses shall be fined under Title 18, imprisoned for not more than 2 years, or both.

By willfully violating the FCRA, I am willing to settle your civil liability damages I have suffered as a result of your violation for {$1000.00} pursuant to FCRA 616 ( a ) ( 1 ) ( B ) [ 15 U.S.C. 1681n ]. Should you fail or refuse to settle the matter by tendering payment in the amount of {$1000.00} within ten ( 10 ) calendar days of receipt of this notice and demand, I will seek actual damages which are greater than {$1000.00}. 

THANK YOU,   TransUnion Consumer Solutions     PA   ","TRANSUNION INTERMEDIATE HOLDINGS, INC.",CA,94577,2023-09-23 00:00:00+00:00,Closed with explanation,Yes,306,0,2023,Closed with monetary relief
2022-05-26 00:00:00+00:00,"Payday loan, title loan, or personal loan",Payday loan,Struggling to pay your loan,Not applicable,"I had to switch banks when my oringal account was hacked, which I informed them of. I told at least 6 diffrent agents that once I was able to open a new account I would forward on the new account infromation. I have also asked for a new contract stating the payment scheulde and on what day the money will be taken out of the account. They have refused to email or mail me anything to sign. Instead they just call my place of work and home phone severl times a day. I have no issue paying the loan off, I simply want something in writting to keep them from going into my account whenever they chosse to take out whatever amount they feel like. I have asked over and over again for new agreement in witting, which they are refusing to give me.",Other,AL,35010,2022-06-16 00:00:00+00:00,Closed with explanation,Yes,144,21,2022,Closed with non-monetary relief
2023-05-30 00:00:00+00:00,"Credit reporting, credit repair services, or other personal consumer reports",Credit reporting,Incorrect information on your report,Personal information incorrect,"I have been working on my Experian credit profile and I noticed there is an incorrect addresses on my report. I am writing to dispute the errors on my credit report. I request that these errors be corrected immediately. Enclosed, please find copies of the relevant documentation supporting my dispute. Thank you for your prompt attention to this matter. The INCORRECT Address that should be deleted is       , CA  and there is       . Please keep in mind that  ( 15 USC 1681 ( a ) ( 4 ) ) makes it clear that I have a right to privacy. Privacy is not defined because only I can define what privacy is to me. (  ) There is a need to insure that consumer reporting agencies exercise their grave responsibilities with fairness, impartiality, and a respect for the consumers right to privacy. Under the subsection 15 usc 1681b ( a ) ( 2 ) the reporting agency does not have my written instructions to report anything. The code says they need permissible purpose in accordance with written instructions. The credit reporting agencies ( , Experian, and  ) do not have my written permission and this should be removed accordingly. I am under the impression that it seems as if a company has taken advantage of obtaining my personal address for their benefit. There is a huge risk of having the incorrect address on my consumer report because this could potentially be identity theft. I know that under the following law the CRA has to delete inaccurate information. 1681i. Procedure in case of disputed accuracy section ( 5 ) Treatment of inaccurate or unverifiable information ( A ) In general If, after any reinvestigation under paragraph ( 1 ) of any information disputed by a consumer, an item of the information is found to be inaccurate or incomplete or can not be verified, the consumer reporting agency shall ( i ) promptly delete that item of information from the file of the consumer, or modify that item of information, as appropriate, based on the results of the reinvestigation; and ( ii ) promptly notify the furnisher of that information that the information has been modified or deleted from the file of the consumer. Lastly, see the below where there must be maximum accuracy and unfortunately they are not practicing this law. 1681e. Compliance procedures Section ( b ) Accuracy of report Whenever a consumer reporting agency prepares a consumer report it shall follow reasonable procedures to assure maximum possible accuracy of the information concerning the individual about whom the report relates.",Experian Information Solutions Inc.,CA,90028,2023-05-30 00:00:00+00:00,Closed with explanation,Yes,429,0,2023,Closed with non-monetary relief
2018-11-02 00:00:00+00:00,Debt collection,Medical debt,Written notification about debt,Didn't receive notice of right to dispute,"No account number or identifying information other than their name and balance of  I have repeatedly ( for months ) tried to contact  (  ) who is collecting for a medical debt on my credit report. Everytime I call I reach a recording that states that their hours of operations are Monday to Thursday  . to  .    and Friday   to     and to please call back during normal business hours and I am calling during business hours. I don't even have so much as a account number. I have tried to contact them through a website I found when researching how others have communicated with them at . There is no email link to contact them with questions, there is not a search available to find your records within their system so that you could research the bill and resolve. I never received communication from this debt collector on top of all of this. How am I as a consumer supposed to validate and get resolution with zero communication with the debt collector.",Other,GA,30126,2018-11-02 00:00:00+00:00,Closed with explanation,Yes,172,0,2018,UNKNOWN
2025-11-29 00:00:00+00:00,Credit reporting or other personal consumer reports,Credit reporting,Problem with a company's investigation into an existing problem,Was not notified of investigation status or results,"CFPB Explanation SparkLight / Account   Complaint Summary : I am disputing an inaccurate collection account being reported by Equifax from a furnisher identified as SparkLight. This account has been on my Equifax report for over a year, despite repeated disputes and Equifaxs inability to obtain verification. This same account has already been removed by   and TransUnion due to lack of verification from the furnisher. 

Details of the Issue : The  account ( Account #  ) reporting a balance of {$230.00} is inaccurate, unverifiable, and has never been validated. I have submitted multiple written disputes to Equifax over the past year, all by certified mail, including my most recent dispute sent on //year> ( attached ). 

Despite more than 12 months of disputes : No documentation has ever been provided by Equifax or  to verify the debt. 

No proof of ownership, billing statements, contracts, or validation has ever been supplied. 

Equifax continues to report the item with the remark : Consumer Disputes This Account Information, which indicates the furnisher has not responded to any reinvestigation.

The same account has already been deleted by two other national credit bureaus ( Experian and TransUnion ), confirming it can not be verified.

Equifax is continuing to report a collection account that it can not validate, which is a violation of federal law.

Violations of Federal Law : This situation violates multiple sections of the Fair Credit Reporting Act ( FCRA ), including : 1. FCRA 611 ( a ) ( 1 ) ( A ) : Requires CRAs to conduct a reasonable reinvestigation and either correct or delete information that can not be verified.

2. FCRA 611 ( a ) ( 5 ) ( A ) : States that any item of information that is inaccurate, incomplete, or can not be verified MUST be deleted from the consumers file.

3. FCRA 607 ( b ) : CRAs must ensure maximum possible accuracy.

Equifax is reporting a collection that two other CRAs found unverifiable and removed.

4. FCRA 611 ( a ) ( 6 ) ( B ) ( iii ) : Equifax is required to provide the name, address, and contact information of the furnisher as part of the reinvestigation.

Equifax has never provided any furnisher address or contact info, suggesting the furnisher is unreachable or nonexistent in their system.

Continued reporting without verification constitutes willful noncompliance.

Why I Am Requesting CFPB Assistance : I have exhausted all options with Equifax directly.

They have : Failed to provide verification from the furnisher Failed to provide any documentation supporting the account Failed to supply the furnishers address or contact information Continued reporting the disputed account after more than a year Caused damage to my credit profile due to inaccurate, unverifiable data Reported inconsistent information across the 3 bureaus Because the other two CRAs have already removed the account, and the furnisher is unreachable or non-responsive, I am requesting CFPB assistance to require Equifax to :","EQUIFAX, INC.",TX,78633,2025-11-29 00:00:00+00:00,Closed with non-monetary relief,Yes,490,0,2025,UNKNOWN
2018-04-22 00:00:00+00:00,Credit card or prepaid card,Store credit card,Problem when making payments,You never received your bill or did not know a payment was due,I only use my walmart store card to keep from having it cancelled. My sons a college student had his card cancelled for non use. I made a small purchase in // and paid it off. Made another small purchase in // and thought i paid it off online via wlamart.com but that seemed not to work i didn't receive a statment after that probably the mail courier.i have an apartment style mailbox system where i live. Nevertheless. So i thought all was good until credit sesame showed a past due report.i was out of town at the time. so i immediately searched walmarts payment site and paid the account in full. I also noticed that my {$400.00} account had been reduced to a mere {$110.00} just {$9.00} short of my now due payment which included aprox. {$60.00} in past due fees. So it appears that i maxed out the account by a $ 30- {$40.00} purchase. My credit dropped 47 score points from  down to . From excellent to a fair rating.,SYNCHRONY FINANCIAL,FL,33169,2018-04-28 00:00:00+00:00,Closed with non-monetary relief,Yes,173,6,2018,UNKNOWN
2022-01-04 00:00:00+00:00,Debt collection,Credit card debt,Attempts to collect debt not owed,Debt was result of identity theft,"My name is   . In  of  I was a victim of Identity theft. When I applied for my unemployment benefits for the month of  an unknown person had taken my identity, changed my email address and stole my benefits for the month of . I was unaware of the identity theft until I went to Career Link to apply for employment, and they noticed I had a second email address and a resume with false information that I did not recognize. I notified the PA Unemployment Office immediately. I was told that an investigation will be performed. In  of , I received a letter from   stating that I owed {$1100.00} to Midland Credit Management Inc, a collection agency. When I contacted Midland, they told me that they were attempting to collect a debt that was owed to   Bank. I let them know that I have never owned a credit card from   Bank. Midland gave me the phone number to call   Bank. I also received a letter from the        of Pennsylvania stating I have to appear in court on //, at . in reference to this debt that I never acquired. I was then told to report this to the Federal Trade Commission online and it has led me to this website.",ENCORE CAPITAL GROUP INC.,PA,19141,2022-01-04 00:00:00+00:00,Closed with explanation,Yes,211,0,2022,UNKNOWN
2024-05-02 00:00:00+00:00,Credit reporting or other personal consumer reports,Credit reporting,Incorrect information on your report,Information belongs to someone else,"I am writing to follow up on my previous attempts to address the fraudulent items on my credit file. I kindly request that you escalate this matter and exhaust all available avenues to thoroughly investigate and remove these fraudulent items from my credit file. Transparent communication regarding the progress made and the actions being taken to resolve these issues would be greatly appreciated. 

Despite numerous correspondences and persistent efforts, it appears that the fraudulent items have not yet been removed. 

I understand that addressing cases of fraud can be complex, but it is essential that we work together to expedite the resolution process. Your cooperation and assistance in this regard are crucial to achieving a satisfactory outcome. The following fraud items should be removed as soon as posssible :     , TX          TX      Balance Owed : {$1000.00} US DEPT ED  Balance Owed : {$4000.00} U S DEPT OF EDXXXX  Balance Owed : {$7700.00} US DEPT ED  Balance Owed : {$2500.00} US DEPT ED   Balance Owed : {$6600.00} US DEPT ED  Balance Owed : {$9000.00}    Balance : {$330.00}   // US DEPT ED  Balance Owed : {$280.00} US DEPT ED  Balance Owed : {$3100.00} US DEPT ED  Balance Owed : {$4900.00} US DEPT ED  Balance Owed : {$10000.00} US DEPT ED  Balance Owed : {$4000.00} US DEPT ED  Balance Owed : {$2500.00} US DEPT ED  Balance Owed : {$6400.00} US DEPT ED  Balance Owed : {$8800.00} US DEPT ED  Balance Owed : {$7500.00} US DEPT ED  Balance Owed : {$3100.00}   //  //  //            Balance : {$330.00}                                    ",Experian Information Solutions Inc.,TX,78613,2024-05-02 00:00:00+00:00,Closed with explanation,Yes,253,0,2024,Untimely response
2024-06-25 00:00:00+00:00,Debt collection,I do not know,Attempts to collect debt not owed,Debt is not yours,"First National Collection Bureau , Inc . 
             

Hi. So the company mentioned above reached out and mentioned that I owe them almost  of loan that I have no information about. They said it was a web loan issued using my social security number. I never applied for any loan nor I have any knowledge about it. Upon asking them to dispute it they advised me to get into a payment agreement with them. I told them Im not paying a single penny for it as these companies issued loan to someone without even verifying anything.this is getting stressful and Im willing to provide any documentation needed to get this resolved. It has effected my credit score as well.",Other,MD,211XX,2024-06-25 00:00:00+00:00,Closed with explanation,Yes,118,0,2024,Closed with explanation
2021-08-19 00:00:00+00:00,Student loan,Federal student loan servicing,Dealing with your lender or servicer,Trouble with how payments are being handled,"Navient is the service provider for our consolidated student loans. We are  and  respectfully. I believe that we have been victimized by the practice of withholding relevant information that would have been in our best interest when struggling to repay our loans over the past 40 years, I found several lawsuits that describe our situations and some of them were won. 
1. We were advised to use forebearances or deferments, rather than directed to IDR options. 
2. We experienced a bankruptcy ( and nothing was discharged ) 3. We have been paying on this thing for decades and the orginal balance was only $  and now over $  with the principal pretty much the same and interest as much as the original loan. 
4. We're not even sure how we ended up with our loans consolidated. 

Not sure how to resolve with Navient as they are being sued for these very practice3s.","Navient Solutions, LLC.",OR,974XX,2021-08-19 00:00:00+00:00,Closed with explanation,Yes,152,0,2021,Closed with explanation
2022-05-04 00:00:00+00:00,Debt collection,Other debt,Attempts to collect debt not owed,Debt was paid,"Over 8 years ago Out of Statute Currently live in  , CA but debt originated debt originated in GA ( haven't lived there for over 8 years ) GA Statute of Limitations - 6 Years Paid in Full Returned Equipment - To physical office in person, upon moving Collection Agency is gaming the system to use a recent account open date and therefore the credit record is completely inaccurate   - Also filing complaint with   Credit Score - This haphazard, illegal & non-compliant collection tactic has dropped my score by  points in one day and I will take further action if this record is not completed deleted off of all credit bureaus quickly",Other,CA,91748,2022-05-04 00:00:00+00:00,Closed with explanation,Yes,112,0,2022,Closed with explanation
2024-05-10 00:00:00+00:00,Credit reporting or other personal consumer reports,Credit reporting,Incorrect information on your report,Account status incorrect,"I am writing to bring to your attention an error on my credit report that requires your prompt assistance for resolution. Upon reviewing my credit report, I noticed an inaccurate late payment entry on my account. It is showing multiple 120 days late payment.","TRANSUNION INTERMEDIATE HOLDINGS, INC.",LA,70364,2024-05-10 00:00:00+00:00,Closed with non-monetary relief,Yes,44,0,2024,Closed with explanation
2018-03-01 00:00:00+00:00,Mortgage,Home equity loan or line of credit (HELOC),Struggling to pay mortgage,Not applicable,"I submitted a complaint recently about a HELOC from     unconfirmed debt from .    has sent me a letter of intent to foreclose. My mortgage was modified in  with    . I never took out a loan or HELOC with   . I pay my mortgage to      each and every month for the past 10 years. I paid the payments in the condo, for 10 years straight blood, sweat, and tears. SLS paid nothing. You already made my life  by negative credit reporting for 4 years straight. I paid for 11 years straight. I was offered no options. Nothing is for free.",Other,CA,91406,2018-03-01 00:00:00+00:00,Closed with explanation,Yes,99,0,2018,Closed with explanation
2025-04-15 00:00:00+00:00,Credit reporting or other personal consumer reports,Credit reporting,Problem with a company's investigation into an existing problem,Their investigation did not fix an error on your report,"I REQUESTED THAT     PROVIDE ACCOUNT INFORMATION 1. Payment History 2. Charged-Off Date.

3. Closed Date.

4. Date of Last Activity.

5. Date Account Was Opened.

IM ATTACHING THAT REQUEST LETTER ALSO IM ATTACHING A COPY OF MY CREDIT REPORT SHOWING THESE ACCOUNT IN QUESTION WITH ALL INACCURATE INFORMATION HIGHLIGHTED, SO PLEASE DONT ANSWER THIS DISPUTE VERIFIED CLEARLY YOU WILL BE IN VIOLATION
OF THE FCRA AND FDCPA, AND METRO 2 COMPLIANCE. JUST TAKE THE TIME TO REINVESTIGATION OR REMOVE THE ACCOUNT.ALSO WHATS VERY IMPORTANT IM GIVING YOUR COMPANY A OVERVIEW OF HOW YOU ARE VIOLATING MY CONSUMER RIGHTS FIX IT!","EQUIFAX, INC.",TX,76548,2025-04-15 00:00:00+00:00,Closed with non-monetary relief,Yes,100,0,2025,Closed with explanation
2017-09-09 00:00:00+00:00,"Credit reporting, credit repair services, or other personal consumer reports",Credit reporting,Improper use of your report,Reporting company used your report improperly,"Equifax mishandled my information which has led to a breach that puts myself and millions of others at potential risk. I am extremely disappointed with how Equifax has handled reporting this breach. Very little was done to notify the public for nearly a month after the breach was detected. I received no email, letter, or phone call and instead had to discover it via social media.
Equifax has mishandled my information, did n't notify me, and now has cost me several hours, some money ( to freeze my credit with three bureaus ) and will continue soaking my time and money to deal with paying for and unfreezing reports as necessary in the future.
Going forward Equifax should be required to monitor every account and notify victims if any fraud occurs. Credit fraud protection should be mandatory for every account, not an option for us to have deal with.
This should be rectified firstly by making credit freezing free and refunding everyone who paid for it following this data breach. Requiring a police report is absurd when they clearly know if you were affected.","EQUIFAX, INC.",PA,150XX,2017-09-09 00:00:00+00:00,Closed with explanation,Yes,184,0,2017,UNKNOWN
2023-01-24 00:00:00+00:00,"Credit reporting, credit repair services, or other personal consumer reports",Credit reporting,Problem with a credit reporting company's investigation into an existing problem,Investigation took more than 30 days,"//       , California  Date of Birth : // SS # :  Dear, Equifax Re : This is not a regular dispute. Take action immediately you are in violation. 

I am a victim of identity theft and I write to dispute certain information in my file resulting from the crime that i recently became aware of. The items I am disputing do not relate to any transactions that I have made or authorized. Please REMOVE this information at the earliest possible time. 

As required by section FCRA 605B ( 15 U.S.C. 1681c-2 ) a copy of which is enclosed which states that this information must be removed within four business days of receipt, I am requesting that the adverse information on the items be removed to correct my credit report. 

Please investigate these matters and remove the disputed items as soon as possible. 

.  Account Number :  Please verify the payment status, balance, comments, payment history and account number as they might be incorrect. Fix or delete this account from my report completely. 

. The following personal information is incorrect Account Number : Name :   -This is not my name. Delete it immediately from my report. 

. The following personal information is incorrect Account Number : Former :   -This is not my name. Delete it immediately from my report. 

. The following personal information is incorrect Account Number : Former : JXXXX   -This is not my name. Delete it immediately from my report. 

. The following personal information is incorrect Account  : Former :   -This is not my name. Delete it immediately from my report. 

. The following personal information is incorrect Account Number : Previous Address ( es ) :    , CA  -This address is not correct. Delete it immediately from my report. 

. The following personal information is incorrect Account Number : Previous Address ( es ) :     , DE  -This address is not correct. Delete it immediately from my report. 

. The following personal information is incorrect Account Number : Previous Address ( es ) :     , CA  -This address is not correct. Delete it immediately from my report. 

. The following personal information is incorrect Account Number : Previous Address ( es ) :      , CA  -This address is not correct. Delete it immediately from my report. 

. The following personal information is incorrect Account Number : Former :   -This is not my name. Delete it immediately from my report. 

. The following personal information is incorrect Account Number : Former :    -This is not my name. Delete it immediately from my report. 

. The following personal information is incorrect Account Number : Previous Address ( es ) :       , CA  -This address is not correct. Delete it immediately from my report. 

. UNAUTHORIZED INQUIRY AND DATA FURNISHER HAS VIOLATED METRO2 REPORTING COMPLIANCE BY NOT REPORTING THEIR CONTACT INFORMATION  Date of inquiry : // I have no recollection of authorizing this credit pull and I demand this to be removed. 

. The following personal information is incorrect Account  : Former :   -This name belongs to someone else. Delete it from my report immediately. 

. The following personal information is incorrect Account Number : Former :    -This name belongs to someone else. Delete it from my report immediately. 

. The following personal information is incorrect Account Number : Previous Address ( es ) :       , CA  -This address belongs to someone else. Delete it from my report immediately. 




Enclosures : Proof of identity : Proof of Address, ID, FCRA 605b Enclosure Identity Theft report Please note that you have 30 days to complete this investigation, as per the Fair Credit Reporting Act Section 611 ( a ) ( 1 ) ( A ). Be advised that the description of the procedure used to determine the accuracy and completeness of the information is hereby requested as well, to be provided within ( 5 ) days of the completion of your re-investigation and I am keeping a careful record of your actions, including your Method of Verification. I do not consent to e-Oscar or any means of automated verification. 

Failure to respond satisfactorily within 30 days of receipt of this certified letter may result in a small claims action against your company, seeking {$5000.00} per violation for : 1. ) Defamation 2. ) Negligent Enablement of Identity Fraud 3. ) Violations of the Fair Credit Reporting Act 4. ) Financial Injury My contact information is as follows :       , California  SSN : SS # :  P.S. Please be aware that dependent upon your response, I may be detailing any potential issues with your company via an online public press release, including documentation of any potential small claims action. I am also including a copy of my complaint to the organizations below : CC : Thomas Ward Assistant Director of Enforcement Consumer Financial Protection Bureau     Washington,   CC : Law Firm Cravath , Swaine & Moore LLP CC : Consumer Financial Protection Bureau CC : Attorney Generals Office CC :    CC : State Senate CC : Federal Deposit Insurance Corporation CC : Comptroller Of The Currency CC : Federal Reserve System CC : Credit and insurance CC : Federal Trade Commission CC : State Regulatory agency CC : California Regulatory agency Division of consumer complaints Thank You, Sincerely,   ","EQUIFAX, INC.",CA,95828,2023-01-24 00:00:00+00:00,Closed with explanation,Yes,876,0,2023,UNKNOWN
2024-08-26 00:00:00+00:00,Credit reporting or other personal consumer reports,Credit reporting,Problem with a company's investigation into an existing problem,Their investigation did not fix an error on your report,"Well Fargo as stated here and on the   stated the removal of this hard inquiry due to id theft someone had tried ( unsuccessfully thanks to a credit freeze ) to have opened an account on Wells Fargo. This was spring of , however as of // the hard inquiry is still present on my credit file. See attached. 
Please advise",WELLS FARGO & COMPANY,OH,439XX,2024-08-26 00:00:00+00:00,Closed with explanation,Yes,61,0,2024,UNKNOWN
2023-08-01 00:00:00+00:00,Debt collection,Credit card debt,Attempts to collect debt not owed,Debt is not yours,I don't owe   any money and I don't have an account with them,Other,TX,78251,2023-08-01 00:00:00+00:00,Untimely response,No,13,0,2023,UNKNOWN
2024-05-01 00:00:00+00:00,Credit reporting or other personal consumer reports,Credit reporting,Incorrect information on your report,Information belongs to someone else,"To whom it may concern, I am writing to file a formal complaint against   regarding an account that has been fraudulently opened in my name,    and  , which is in result of identity theft. The fraudulent account is as follows :   account number appearing as ""  '' for {$540.00} I have attached a notarized copy of the Federal Trade Commission ( FTC ) Identity Theft Affidavit, as well as a police report documenting the identity theft incident. I also have attached my government issued ID and a utility bill for proof of identity and address. As a resident of Texas, I am aware that aggressive consumer laws are in place to protect victims of identity theft. Texas state law, under the Texas Finance Code 20.02, provides consumers with strong protections against creditors and requires swift action to rectify fraudulent accounts. 

Despite my efforts to resolve this matter directly with  , the fraudulent account have not been adequately addressed. Therefore, I am filing this complaint with the Consumer Financial Protection Bureau to request your intervention in resolving this issue. 

I request that   conduct a thorough investigation into the fraudulent account and take immediate action to remove this from my credit profile. Additionally, I request that    provide me with written documentation of the results of their investigation and any actions taken to rectify the situation. 

I appreciate your attention to this matter and look forward to a prompt resolution. 

Sincerely,  ","TRANSUNION INTERMEDIATE HOLDINGS, INC.",TX,75039,2024-05-01 00:00:00+00:00,Closed with non-monetary relief,Yes,238,0,2024,Closed with explanation
2025-01-26 00:00:00+00:00,Credit reporting or other personal consumer reports,Credit reporting,Improper use of your report,Reporting company used your report improperly,"I HAVE BEEN AFFECTED BY THE  DATA BREACH. PER 15 USC 1681 C-2 STATES EXCEPT AS OTHERWISE PROVIDED IN THIS SECTION A CONSUMER REPORTING AGENCY SHALL BLOCK THE REPORTING OF ANY INFORMATION IN THE FILE OF A CONSUMER THAT THE CONSUMER IDENTIFIES AS INFORMATION THAT RESULTED FROM AN ALLEGED IDENTITY THEFT. 

                                                                                                                                                                                        //",Experian Information Solutions Inc.,TX,775XX,2025-01-26 00:00:00+00:00,Closed with explanation,Yes,52,0,2025,Closed with explanation
2023-05-03 00:00:00+00:00,Credit card or prepaid card,General-purpose credit card or charge card,"Advertising and marketing, including promotional offers",Didn't receive advertised or promotional terms,"I was applying for a flex loan on my Citibank credit card. I had an offer of a 6.99 % APR with an option of selecting a payment term of either 48 or 60 months. I saw this offer by the end of . On //, the offer was 8.99 % APR and only a 60 month payment plan. When I called Citibank, they stated that the promotion is over and that there is nothing they can do. This is unethical and deceiving.","CITIBANK, N.A.",NY,11418,2023-05-03 00:00:00+00:00,Closed with explanation,Yes,83,0,2023,Closed with explanation
2018-02-10 00:00:00+00:00,"Credit reporting, credit repair services, or other personal consumer reports",Credit reporting,Incorrect information on your report,Account status incorrect,I am the primary holder for account #  I requested my wife to be remove as AUTHORIZE user and PENFED AND  refused to removed account from my wife 's credit report,Other,CA,92154,2018-02-10 00:00:00+00:00,Closed with non-monetary relief,Yes,31,0,2018,Closed with explanation
2023-02-14 00:00:00+00:00,"Credit reporting, credit repair services, or other personal consumer reports",Credit reporting,Incorrect information on your report,Personal information incorrect,"I am writing to dispute the errors on my credit report. 

I request that these errors be corrected immediately. Enclosed, please find copies of the relevant documentation that support my dispute, including. 

Thank you for your prompt attention to this matter. I look forward to hearing from you soon. 
Recently I did an investigation on my credit report due to starting the process of purchasing a home. Unfortunately after this evaluation I found inaccurate addresses. According to 15 U.S. Code 1681e ( b ) Accuracy of report - Whenever a consumer reporting agency prepares a consumer report it shall follow reasonable procedures to assure maximum possible accuracy of the information concerning the individual about whom the report relates. With that being said, we can see under 15 U.S. Code 1681i ( 5 ) Treatment of inaccurate or unverifiable information - ( A ) In general If, after any reinvestigation under paragraph ( 1 ) of any information disputed by a consumer, an item of the information is found to be inaccurate or incomplete or can not be verified, the consumer reporting agency shall ( i ) promptly delete that item of information from the file of the consumer, or modify that item of information, as appropriate, based on the results of the reinvestigation; and ( ii ) promptly notify the furnisher of that information that the information has been modified or deleted from the file of the consumer. On TRANSUNION, they are reporting an incorrect address below :      GA  and they have     GA . In addition TRANSUNION is showing the incorrect Employer of    and that needs to be DELETED as well.","TRANSUNION INTERMEDIATE HOLDINGS, INC.",GA,303XX,2023-02-14 00:00:00+00:00,Closed with non-monetary relief,Yes,271,0,2023,Closed with non-monetary relief
2021-04-16 00:00:00+00:00,"Credit reporting, credit repair services, or other personal consumer reports",Credit reporting,Problem with a credit reporting company's investigation into an existing problem,Their investigation did not fix an error on your report,"A collection account from    was reported to all three credit bureaus in  of . I did not receive any prior notice and immediately requested the debt be validated or deleted. I was subsequently sent a letter from the company on // stating that there is no such account in their office with my information. I am attaching that below. I disputed the debt with all bureaus. The account was removed from my    bureaus based on the company 's inability to show a valid account matching my information. On //, the collection account was removed from my TransUnion report. Upon checking my report today, I see that the account has been readded. I have not been sent any additional documentation, validation of the debt, or the notice required before a company is able to add a collection account to a credit report. For this reason, per the law, TransUnion is required to remove this account permanently and not allow it to continuously be added to my credit profile. it is detrimental to my credit health and damaging to my profile.","TRANSUNION INTERMEDIATE HOLDINGS, INC.",GA,XXXXX,2021-04-16 00:00:00+00:00,Closed with explanation,Yes,179,0,2021,Closed with non-monetary relief
2024-10-02 00:00:00+00:00,Credit reporting or other personal consumer reports,Credit reporting,Improper use of your report,Reporting company used your report improperly,"In //, I began experiencing issues with   related to inaccurate and harmful reporting on my credit file. Despite my efforts to dispute this account under   Account . : , the company has failed to correct the inaccuracies and continues to report negative information to the credit reporting agencies. Specifically,   reported a charge-off with a balance of {$32000.00}, which remains on my credit report, despite my formal dispute. 

I submitted a formal dispute and a Cease-and-Desist request, yet   continues to report this disputed account to the major credit bureaus ( , , , and  . This violates the Fair Credit Reporting Act ( FCRA ), as   has not conducted a reasonable investigation, and the Fair Debt Collection Practices Act ( FDCPA ), which prohibits third-party communication after a cease-and-desist request has been issued. 

Additionally,   's response to my dispute on //, failed to address the issues. They placed the account in Cease-and-Desist status but continue reporting negative information, impacting my credit standing. 

I request the CFPB to investigate   for their failure to comply with FCRA and FDCPA regulations and take corrective action to ensure the removal of the negative reporting from all credit bureaus.",Other,FL,33162,2024-10-02 00:00:00+00:00,Closed with explanation,Yes,193,0,2024,UNKNOWN
2018-02-22 00:00:00+00:00,Debt collection,Credit card debt,Attempts to collect debt not owed,Debt is not yours,"My complaint is with PayPal Credit, which opened an account in my name, some time in the mid to late part of //, although I had never requested an account.

I pay for purchases on   by using my plain Paypal account ( which is identified by my email address ), and that Paypal account is linked directly to my  credit card. I never asked for a PayPal Credit account, since my payments are made directly through my  card. 
When I began getting emails and statements in the mail and continuous phone calls, I spoke to a representative there ( around // ) told him that I never opened an account at PayPal Credit - that he should send me proof that I had requested an account ; he said he would mail me this 'proof ' but it was never sent ( because such proof does not exist ). I do not have his name. I did receive an email confirmation of my request for proof, that stated "" We've received the document copy request regarding your PayPal Credit account. Once our research is complete, you'll receive an email notification. '' Now I continue to get phone calls, emails, and statements in the mail, in //, //, and // showing that I owe hundreds of dollars in late fees/interest. I want these to cease. If they could show me any legitimate proof that I opened an account, I would pay. 
According to the report in   ( at       ), with a consent decree ( see     ) PayPal Credit is under orders from the U S District Court for the District of Maryland ( In re   . , No. , civil action  Settlement agreement ), to halt such actions ( opening false accounts ). I have heard that until the end of //, when a customer was checking out from an   purchase to make a choice of payment method, that clicking on just PayPal got CHANGED to PayPal Credit by them, which was definitely in violation of the US District Court Settlement agreement. 
I have attached the "" statements '' from PayPal Credit, which, to make matters worse, are in the name of my wife,   ( who has not had an  account for ten years! ). Nevertheless, the phone calls come to my cell phone, and emails come to my email address.","Bread Financial Holdings, Inc.",PA,19007,2018-02-22 00:00:00+00:00,Closed with explanation,Yes,390,0,2018,UNKNOWN
2021-02-23 00:00:00+00:00,Checking or savings account,Checking account,Opening an account,Didn't receive terms that were advertised,"When I opened an account on //2020 with Bank of there was an offer for a {$250.00} bonus if the following requirements were met : Customer must make direct deposits totaling {$1000.00} or more each calendar month for three consecutive calendar months by //2020 to the new checking account. One or more separate direct deposits in a single calendar month that add up to {$1000.00} qualify. 

I met the requirements but the bonus has not been paid.",Other,MO,63366,2021-02-23 00:00:00+00:00,Closed with explanation,Yes,77,0,2021,UNKNOWN
2024-04-01 00:00:00+00:00,Prepaid card,Government benefit card,Unexpected or other fees,Not applicable,If I had to guess I would say {$100.00} i receive   from hud and for $  monthly the amount is never correct I may receive $  all of the overdraft fees for {$.00} I cant get any information on account Im always road blocked by a access code Ive got the company to reset it but still nothing I cant get a new card or anything    use   I cant receive my funds on another card so Im stuck with what ever they want to deposit in the account the card is registered to me and my information but I cant access it,Other,AL,36301,2024-04-01 00:00:00+00:00,Closed with monetary relief,Yes,102,0,2024,Closed with explanation
2019-10-05 00:00:00+00:00,"Credit reporting, credit repair services, or other personal consumer reports",Credit reporting,Incorrect information on your report,Information belongs to someone else,"  //19,    ,   //19,   , -  //19,  Reports  - ,   ,  ,   . I just want it noted that their Customer service Representative would not help take care of the negative inquiries on my credit report.","TRANSUNION INTERMEDIATE HOLDINGS, INC.",DE,19720,2019-10-05 00:00:00+00:00,Closed with explanation,Yes,35,0,2019,Closed with explanation
2018-10-25 00:00:00+00:00,Checking or savings account,Savings account,Managing an account,Deposits and withdrawals,"I have not been able to access my account. 
My account has been blocked from the day it was opened and I didn't know this. 
on //2018, I called customer service and no one was able to tell me why my account was blocked. they said they'd get back to me but never did. 
on Tuesday, I went to the  branch and the manager called customer service but they were not able to tell him why the account was blocked. 
On Thursday //2018 the lady who spoke to me was very rude and she hung up on me when she couldn't tell me why my account was blocked. Her name is  . 
I called back and the second lady couldn't tell me why my account was blocked either, she only said she would connect me to the branch manager,   , who happened to be very unprofessional. 
My account was blocked for no reason at all, apparently someone from the branch blocked my account, I think it was the branch manager for no reason. She is very  and spiteful. 
This has been very inconveniencing for me. I can not use my money. I am livid and Citibank is known for this. 
.","CITIBANK, N.A.",DC,20019,2018-10-25 00:00:00+00:00,Closed with explanation,Yes,201,0,2018,Closed with explanation
2025-09-29 00:00:00+00:00,Mortgage,FHA mortgage,Trouble during payment process,"Escrow, taxes, or insurance","I PURCHASED A CONDO   WAS MORTGAGE CO. LOAN TRANSFERRED TO    .. IN  LOAN TRANSFERRED TO NEW REZ/SHELLPOINT. I PAID MY TAXES AND INSURANCE. THEY HAVE BEEN DOING A YEARLY ANALYSIS SINCE THEY GOT MY MORTGAGE MONTHLY!! SO I WAS A TARGET TO EITHER MAKE ME DEFAULT DUE TO MY AGE OF . THEY HAVE BEEN HARASSING ME FOR 2 YEARS. FIRST THEY TRIED TO TELL ME THEY WERE PAYING MY INSURANCE. I HAVE PAID MY INSURANCE ON EVERY HOME I HAD. THEY TRIED TO FIND FAULT WITH MY COVERAGE AND I WAS SENDING INFO INCLUDING HOA, OF WHICH THEY SAID I HAD NONE. THEY HAVE BEEN FABRICATING STOIRIES AND UNTRUTHS FOR 2 YEARS., I CAN NOT TAKE ANYMORE.  THEY STARTED ABOUT MY R.E. TAXES WHICH I PAY QUARTERLY. ON TIME SOMETIMES A MONTH LATE BUT PAID IN FULL.FIRST STORY, IN // THEY SAID THEY SENT  FOR MY TAXES. I HAD TO PAY MONIES BACK. I CALLED TAX ASSESSOR AT TOWN HALL AND WAS TOLD THEY NEVER GOT PAYMENT, SO NEW REZ LIED, NEXT THEY KEPT RUNNING THE YEARLY ANALYSIS CLAIMED THERE WAS A SHORTGAGE OF  BUT IT WAS UNDER  SO THEY COULD DO NOTHING.EVERY MONTH THEY SENT ME ESCROW ANALYSIS. ONLINE IN MY ACCOUNT I SAW EVERY ANAYSIS SINCE THEY TOOK OVER MY MORTGAGE AND WAS IN SHOCK. I WAS TOILD IT SUPPOSE TO BE DONE ANUALLY, THEN THEY STARTED SENDING ME PAYMENTS THEY MADE AND THEY MAKE PAYMENTS ON, '' ESTIMATED FIGURES ''. I PAY ACTUAL BILLS AND I GET AN ABATEMENT AND I TOLD THEM AND COMPLETELY THEY IGNORED FACT. 
IN  THEY SENT ME NOTICE DUE TO A SHORTAGE, THEY ARE PUTTING AN ESCROW ACCOUNT ON MY MORTGAGE EFFECTIVE  XXXXMY MORTGAGE WAS  AND THEY ARE ADDING ESCROW DUE TO INCORRECT FIGURES ON THEIR PART AND MY MORTGAGE WILL NOW BE XXXXWITH GAS AND ELECTRIC BILLS SOO HIGH AND NOW THIS I CAN NOT AFFORD IT, I WAS DOING FINE PAYING MY TAXES AND TOWN CONFIRMED THAT. I HAVE COPIES OF EVERY CHECK THERE WAS NEVER A SHORTAGE. THEY LIED ABOUT SENDING MONIES TO TOWN FOR TAXES. EACH TIME I COUGHT THEM IN A LIE THEY CHANGED THEIR STORY.OUT OF ALL THE CUSTOMERS THEY HAVE I AM SINGLED OUT WHY I DO NOT KNOW. IN // THEY DID ANOTHER ANALYSIS AND LIKE LAST 24 ANALYSIS, NUMBERS CHANGED AGAIN. THEY SOLD ME I OWE THEM  FOR ESCROW AND I COULD PAY IT BY // OR THEY WILL STRETCH PAYMENT OUT FOR 3 YEARS AND ADD  TO MY MORTGAGE AND ESCROW. IN ADDITION TO ALL THESE LIES THEY CHANGED FIGURES ON MY LOAN AND I WAS TOLD THAT IS NOT LEGAL. SO THE LOAN STARTED // FOR 25 YEARS AND ENDED IN , PRICE WAS  AND MY BALANCE IS . THEY CHANGED STARTING DATE TO WHEN THEY OBTAINED MY LOAN AND ENDING ON . IT IS ONLINE IN THEIR PORTAL,, THAT IS HOW I FOUND IT. THEY TOLD ME THEY HAD A PORTAL, THANK GOD I WENT IN.I CAN NOT AFFORD AN ATTORNEY BUT THEY HAVE DISTORTED FACTS AND FIGURES FOR 2 YEARS.THEY WILL DO ANOTHER ANALYSIS AS I SAID IT IS A MONTHLY THING AND EACH TIME THEY DO IT THE NUMBERS CHANGE, I WORKED IN    35 YEARS AND NEVER SAW ACCOUNTING LIKE THEY HAVE, IT IS INSANE THAT THE NUMBERS CHANGE. THEY SHOULD BE CONSTANT AND NOT CHANGE., IF THEY KEEP UP THEY WILL JUST KEEP INCREASING MY MORTGAGE AND I CAN NOT TAKE IT ANYMORE. I HAVE A   AND MANY OTHER ISSUES, BUT AM IN GOOD HEALTH AND GET AROUND BUT WITH THEM ON MY BACK WITH EMAILS AND LETTERS, I CAN NOT TAKE ANYMORE., I WENT TO   THEY INVESTIGATED NOTHING RESOLVED, IF I PAY  THEY WILL NOT ADD  MO. FURTHERMORE THE CONTRACT, ORIGINAL ONE SAYS NOTHING ABOUT ESCROW. LAST MORTGAGE CO REMOVED ESCROW FOR ME. HAD NO ESCROW WHEN NEW REZ TOOK OVER. ALL OF A SUDDEN WITH ALL THEIR FAKE NUMBERS THEY WANT MY ESCROW BUT I CAN PAY MY INSURANCE. LOL. 
PLEASE FOR LOVE OF GOD LET ME LIVE MY DAYS WITH THESE SCAMMERS OFF MY BACK. JUS WANT TO LIVE EACH DAY IN PEACE.",Other,MA,01826,2025-10-03 00:00:00+00:00,Closed with explanation,Yes,690,4,2025,Closed with explanation
2025-03-27 00:00:00+00:00,Debt collection,Other debt,Attempts to collect debt not owed,Debt is not yours,"I am writing to formally request dispute an inaccurate item on my credit report, which is a violation of the Fair Credit Reporting Act ( FCRA ) According to the Credit Bureau ,  and  records, there is incorrect information being reported under section #  Civil This error is negatively impacting my ability to secure other financial duties. This dispute is being submitted under ( FCRA, 15 U.S.C. & 1681i which requires credit reporting agency reinvestigation and provide original documentation from the original creditors. If this is not provided per ( FCRA ) all items must be deleted. Credence Resource Management ( Not my debt ) {$1000.00} I have NEVER LIVED AT THAT ADDRESS and providing me a statement is not a validation of debt. I have resided at my address for 15 years and this item needs to be removed immediately. I am reinvestigating. If this is not removed, I will be contacting, Attorney General and Better business bureau. Sending a statement is not a validation, I am demanding a deletion of this account.",Other,AZ,850XX,2025-03-27 00:00:00+00:00,Closed with non-monetary relief,Yes,174,0,2025,Closed with explanation
2026-01-06 00:00:00+00:00,Credit card,General-purpose credit card or charge card,Problem with a purchase shown on your statement,Card was charged for something you did not purchase with the card,statement should have a balance of . Unauthorized charges on the account Statement show show  balance as this card has not been used,Other,IN,46205,2026-01-06 00:00:00+00:00,Closed with explanation,Yes,23,0,2026,Closed with explanation
2023-10-17 00:00:00+00:00,Credit reporting or other personal consumer reports,Credit reporting,Incorrect information on your report,Information belongs to someone else,"I looked over my credit report and saw some inaccurate information. Sections 609 ( a ) ( 1 ) ( A ) and 611 ( a ) ( 1 ) mandate that the three credit bureaus confirm these details ( A ). These accounts may not be reported as unverified information without providing any supporting information within the legally allowed time range. The following accounts are shown on my credit report as needing investigation and deletion because they were reported incorrectly in my file. 
 OF    OF  ","TRANSUNION INTERMEDIATE HOLDINGS, INC.",FL,33126,2023-10-17 00:00:00+00:00,Closed with non-monetary relief,Yes,86,0,2023,UNKNOWN
2024-06-05 00:00:00+00:00,Credit reporting or other personal consumer reports,Credit reporting,Problem with a company's investigation into an existing problem,Their investigation did not fix an error on your report,"Hope you're doing well. I've run into a bit of a problem. While going through my credit report, I noticed some things that don't seem quite right, and it appears my identity have been stolen online. My nephew. Whos studying   help me out by finding a way to check if my   were involved in this breach? To my surprise, it turns out that  out of  of my  contain a lot of my sensitive and personal information. I want to emphasize that I'm not the one behind these accounts it would mean a lot to me it you could assist in removing the following from my credit report, these are the accounts :",Experian Information Solutions Inc.,CA,95035,2024-06-05 00:00:00+00:00,Closed with explanation,Yes,112,0,2024,UNKNOWN
2019-02-13 00:00:00+00:00,Debt collection,I do not know,Written notification about debt,Didn't receive enough information to verify debt,I keep on getting calls from   I dont have anything in collections and they keep on calling me.,Other,WA,98312,2019-02-13 00:00:00+00:00,Closed with explanation,Yes,18,0,2019,UNKNOWN
2022-07-05 00:00:00+00:00,"Credit reporting, credit repair services, or other personal consumer reports",Credit reporting,Improper use of your report,Reporting company used your report improperly,"In accordance with the Fair Credit Reporting act     Account #  has violated my rights. 
    Account #    Account #  15 U.S.C 1681 section 602 A. States I have the right to privacy.

15 U.S.C 1681 Section 604 A Section 2 : It also states a consumer reporting agency can not furnish a account without my written instructions",Experian Information Solutions Inc.,GA,30349,2022-07-05 00:00:00+00:00,Closed with explanation,Yes,56,0,2022,UNKNOWN
2025-09-08 00:00:00+00:00,Checking or savings account,Savings account,Closing an account,Funds not received from closed account,On //25 opened a new account at PNC Bank in  Pa located at    Pa. I wrote out two checks totaling {$10000.00} into saving and checking. A few days later I confirmed that the {$10000.00} was withdrawin my other bank. However there was no money in my PNC account. On //25 I went to the PNC branch and was informed that my account was under hold due to a fraud alert. I was directed to call customer service. Multiple calls to customer service where I was informed that there was a fraud alert. When I opened the account I had deposited a few checks totaling {$290.00} from   . One of the check had been reject ( {$97.00} ). I believe this had initiated a fraud alert. I was informed by PNC customer service they decided to end my relationship with them and close out my account. Customer service said that would either issue me tellers check and send it via postal mail ( 10-14 business days ). Or I could go to the local branch and they would issue me a check. So on //25 I went to the branch. They were not able to issue me a check because of the fraud alert contrary to what customer service stated I was never provided a reasonable explanation of why they are holding onto my money. This will create a hardship for,Other,NY,117XX,2025-09-08 00:00:00+00:00,Closed with explanation,Yes,230,0,2025,Closed with non-monetary relief
2021-11-16 00:00:00+00:00,"Credit reporting, credit repair services, or other personal consumer reports",Credit reporting,Improper use of your report,Credit inquiries on your report that you don't recognize,"On // at  PM. I spoke to   from   NMLS # . I was inquiring about a refinance on a property in , Arizona. I explained that I did not want this to affect my FICA score so I did not want a Hard Inquiry. He responded that he understood, we had a pleasant conversation I explained I was looking for some options with high equity and low income. He said he was winding up the night and would continue this tomorrow on Friday // he said he would call me first thing at . I never heard from Mr .  again. Instead, I received an email on Saturday // that stated they could sweeten the deal and I've been speaking to Mr .  but haven't applied for a loan yet ( attached ). During this period, I received a warning that i had a hard inquiry and my FICA score has decreased significantly. On Monday //  I received a text which was very unprofessional stating he was  from    team. At this point with my FICA effected and now this text I was concerned my Social Security and other private information was being used illegally. I responded to  that I wanted he last name, telephone number and extension. I received a text on Tuesday at   with the information I requested. ( attached ). I also received an email from him (     NMLS #  at  stating my loan was reviewed and unable to offer funding. ( attached ) ALL THIS AND I NEVER AUTHORIZED. I was finally able to talk to  via telephone and explained my situation and understood he is handling this currently, he offered no explanation what was happening with Mr .  and why this all started without my authorization, in fact two days after I spoke to Mr .  I received an email stating no loan has been started, then three days later I received a letter from him stating loan application was not able to fund do to non activity. He had no explanation why I received this letter and told me that the letter was automatically generated because of inactive account. All this happened from Thursday  XXXXevening to Tuesday // early morning.",Experian Information Solutions Inc.,AZ,85281,2021-11-16 00:00:00+00:00,Closed with explanation,Yes,365,0,2021,Closed with explanation
2015-06-10 00:00:00+00:00,Credit reporting,Not applicable,Incorrect information on credit report,Public record,"There is a judgment on my credit report with   , docket  for a collection with     in the amount of {$820.00}. It shows that this judgment was filed on . I have written to the court, disputed with the credit bureaus and even sent letters to     head quarters to get this judgment verified and validated per the Fair Debt Collection Practices Act and the Fair Credit Reporting Act. I have not received  document that shows this account belongs to me bearing my name, address, birth date, social security number, or anything with my signature on it. I have n't even been provided with a contract from     that proves I owed this money. Therefore, I have reason to believe an investigation was never completed","EQUIFAX, INC.",NJ,07307,2015-06-10 00:00:00+00:00,Closed with explanation,Yes,122,0,2015,Closed with explanation
2015-11-20 00:00:00+00:00,Mortgage,Conventional fixed mortgage,"Loan servicing, payments, escrow account",Not applicable,"I refinanced my mortgage in  of 2015. Ocwen Loan Servicing , LLC is the servicer of the new mortgage. Late in , I called Ocwen to inquire about my   payment. I was informed by customer service that my first payment was due on   and that I would receive a statement in early . 

Sure enough in  , my first statement arrived stating that my payment was due on  . 

Today, I called Ocwen because I noticed that my  statement with  due date included a past-due amount. I checked my account and both my  and  statements had been paid on time within the grace period. 

The customer service representative told me that in , Ocwen had realized a mistake on their end regarding my account and that I was supposed to have had a payment in . At that time, they re-applied by  payment to the  due date, and then applied my  payment to the  due date. All of this was done and no one ever contacted me until I received this bill. I am now being told that I am responsible for making my  and  payments within 30 days. 

Frankly, I am scared. I have always had good credit and paid my bills on time and now I am facing being reported to the credit bureaus, incurring late fees, etc. When I called Ocwen back in the summer, they did not have any sort of account set up for me, and I was told today by an "" escalation specialist '' that they could not have received my payment at that time because my account had yet to be established. I was also told that statements in general are only a courtesy and that I could have just mailed my payment based on my mortgage refinance documents. When asked what would have happened to my check since I did not have an account setup at the time ( as told to me by their own representative ), she could not provide an answer. 

I am hoping that you can help me by holding financial companies accountable to billing their customers and setting up their accounts in a timely manner.",Other,MA,021XX,2015-11-20 00:00:00+00:00,Closed with explanation,Yes,359,0,2015,Closed with explanation
2025-10-27 00:00:00+00:00,Debt collection,I do not know,False statements or representation,Attempted to collect wrong amount,"Date   To Whom It May Concern : Be advised this is not a refusal to pay, but a notice that your claim is disputed and validation is requested. Under the Fair Debt collection Practices Act ( FDCPA ), I have the right to request validation of the debt you say I owe you. I am requesting proof that I am indeed the party you are asking to pay this debt, and there is some contractual obligation that is binding on me to pay this debt.

This is NOT a request for "" verification '' or proof of my mailing address, but a request for VALIDATION made pursuant to 15 USC 1692g Sec. 809 ( b ) of the FDCPA. I respectfully request that your offices provide me with competent evidence that I have any legal obligation to pay you.

At this time I will also inform you that if your offices have or continue to report invalidated information to any of the  major credit bureaus (      ), this action might constitute fraud under both federal and state laws. Due to this fact, if any negative mark is found or continues to report on any of my credit reports by your company or the company you represent, I will not hesitate in bringing legal action against you and your client for the following : Violation of the Fair Debt Collection Practices Act and Defamation of Character. 
I am sure your legal staff will agree that non-compliance with this request could put your company in serious legal trouble with the FTC and other state or federal agencies. 
If your offices are able to provide the proper documentation as requested in the following declaration, I will require 30 days to investigate this information and during such time all collection activity must cease and desist. Also, during this validation period, if any action is taken which could be considered detrimental to any of my credit reports, I will consult with legal counsel for suit. This includes any listing of any information to a credit-reporting repository that could be inaccurate or invalidated. If your offices fail to respond to this validation request within 30 days from the date of your receipt, all references to this account must be deleted and completely removed from my credit file and a copy of such deletion request shall be sent to me immediately. 
would be advisable that you and your client assure that your records are in order before I am forced to take legal action. 
CREDITOR/DEBT COLLECTOR DECLARATION Please provide the following : Agreement with your client that grants you the authority to collect on this alleged debt. 
Agreement that bears the signature of the alleged debtor wherein  agreed to pay the creditor. 
Any insurance claims been made by any creditor regarding this account. 
Any Judgments obtained by any creditor regarding this account. 
Name and address of alleged creditor. 
Name on file of alleged debtor. 
Alleged account number. 
Address on file for alleged debtor. 
Amount of alleged debt. 
Date this alleged debt became payable. 
Date of original charge off or delinquency. 
 that this debt was assigned or sold to collector. 
Complete accounting of alleged debt. 
Commission for debt collector if collection efforts are successful. 
Please provide the name and address of the bonding agent for  in case legal action becomes necessary. Your claim can not and WILL NOT be considered if any portion of the above is not completed and returned with copies of all requested documents. This is a request for validation made pursuant to the Fair Debt Collection Practices Act. Please allow 30 days for processing after I receive this information back. 
Best Regards  ",Other,CA,93309,2025-12-08 00:00:00+00:00,Closed with non-monetary relief,Yes,608,42,2025,Untimely response
2025-06-10 00:00:00+00:00,Credit reporting or other personal consumer reports,Credit reporting,Problem with a company's investigation into an existing problem,Their investigation did not fix an error on your report,"I disputed a    charge-off account listed on my Experian credit report. Experian responded that the account was verified, yet they failed to provide any documentation or actual validation proving the accuracy or legitimacy of the debt. 

Under the Fair Credit Reporting Act ( FCRA ), Section 611, I have the right to request and receive a proper reinvestigation and the method of verification. Experian has not fulfilled that obligation. Their failure to produce supporting evidence or documentation means they are knowingly reporting potentially inaccurate and unverifiable information, which is damaging my credit and financial standing. 

I have made good faith attempts to resolve this through Experians internal dispute process, but they continue to report the  charge-off without providing any lawful validation. 

I am requesting that Experian delete this account from my credit report due to their failure to validate the information and comply with FCRA investigation standards. If they can not provide documented proof of the account, it must be removed immediately.",Experian Information Solutions Inc.,FL,32277,2025-06-10 00:00:00+00:00,Closed with explanation,Yes,162,0,2025,Closed with explanation
2025-08-08 00:00:00+00:00,Credit reporting or other personal consumer reports,Credit reporting,Incorrect information on your report,Information belongs to someone else,"This CFPB complaint has been filed to request pursuant to FCRA  ( .   . 
 ) that you, the Experian credit reporting agencys block the information appearing on my consumer credit report that is the result of identity theft, and fraud within  business days of you receiving this complaint. This fraudulent, inaccurateand false information consist of personal credit card accounts, auto loans, personal loansand open end unsecured consumer accounts as follows : INQUIRIES :   NA Date : //     Date : // ACCOUNTS :   - Account Number :     Date Opened : //, Balance : {$650.00}  - Account Number :             Date Opened : //, Balance : {$0.00}   Account Number :     , Date Opened : //, Balance : {$3300.00}  - Account Number :   , Date Opened : //, Balance : {$0.00}    - Account Number :             , Date Opened : //, Balance : {$26000.00}      - Account Number :            , Date Opened : //, Balance : {$170.00}   - Account Number             , Date Opened : //, Balance : {$710.00}  - Account Number     , Date Opened : //, Balance : {$93.00}    - Account        , Date Opened : //, Balance : {$1300.00}    - Account         Date Opened : //, Balance : {$1100.00}    - Account        , Date Opened : //, Balance : {$910.00}    - Account         Date Opened : //, Balance : {$400.00} These accounts have resulted in several fraudulent   inquiries and fraudulent collections appearing on my consumer  credit report. Ive attached a list of the   inquiries in question as well as a copy of the consumer   credit report maintained by you which shows the said fraudulent items. I do not recognize these accounts, collections and   inquiries as reported. The aforementioned accounts, collections and   inquiries appearing on my consumer credit report maintained by you were not opened, made or initiated by me. 
All of the said accounts, collections and   inquiries are a result of identity theft, and fraud. I have attached a copy of the FTC identity theft criminal complaint case number ,  as proof from the  federal trade commission that all of the aforementioned, consumer credit accounts, collections and   inquiries are in fact a result of identity, theft, and fraud.",Experian Information Solutions Inc.,TX,761XX,2025-08-08 00:00:00+00:00,Closed with explanation,Yes,349,0,2025,UNKNOWN
2018-10-06 00:00:00+00:00,"Credit reporting, credit repair services, or other personal consumer reports",Credit reporting,Incorrect information on your report,Personal information incorrect,"I have an address   .    listed on my    and Equifax credit reports even after filing a policy report and calling the entire months of // and // they refuse to remove this address. Equifax has not update my credit report with any accurate information and refuses to remove a fraud account (   ). Dealing with this credit bureau has been a nightmare and I am a consumer who takes pride in having a clean and good credit report. I have filed police reports, Ive sent in countless pages of supporting documentation even a fraud license that had my name and the fake address listed on it!!!!","EQUIFAX, INC.",GA,30106,2018-10-06 00:00:00+00:00,Closed with explanation,Yes,106,0,2018,UNKNOWN
2025-03-27 00:00:00+00:00,Credit reporting or other personal consumer reports,Credit reporting,Problem with a company's investigation into an existing problem,Their investigation did not fix an error on your report,"I am formally disputing the unauthorized reinsertion of previously deleted/disputed items on my credit report with EQUIFAX. Additionally, I am addressing EQUIFAX 's false, deceptive and misleading statements regarding my dispute on   along with including the companys erroneous claim that certain accounts were not on my credit report at the time of my dispute, and the fact that they falsely listed accounts as "" deleted '' that I never disputed, nor even had on my report ( I.e :   and   ). 
These misrepresentations have caused significant harm to my financial standing, business and personal credit applications, and overall livelihood. I have enclosed documentation proving : The accounts in question were still on my report despite Equifaxs claim that they were not. 
My credit score reflected the reinsertion, shifting from the mid-500s to the high-600s then back down to the 500s, proving that deletions and reinsertions occurred. 
Equifax erroneously reported "" deleted '' accounts that I never disputed nor had, indicating a serious lack of accuracy and compliance. 
Accounts in Dispute The following accounts were previously deleted but have since been unlawfully reinserted without proper notification, in violation of 15 U.S.C. 1681i ( a ) ( 5 ) ( B ) :                         In addition to their failure to properly handle my dispute, Equifax falsely claimed to have removed accounts I never disputed and that were never on my report. Their response falsely stated that accounts like   and   were cleared, despite the fact that : . I never disputed these accounts. 
. They were never present on my credit report. 
. Their inclusion suggests gross negligence in how Equifax processes disputes. 
This raises serious concerns regarding Equifaxs handling of consumer disputes, as well as the accuracy and reliability of your credit reporting system.","EQUIFAX, INC.",HI,96792,2025-03-27 00:00:00+00:00,Closed with non-monetary relief,Yes,291,0,2025,UNKNOWN
2022-09-03 00:00:00+00:00,"Credit reporting, credit repair services, or other personal consumer reports",Credit reporting,Incorrect information on your report,Information belongs to someone else,"I'm submitting a complaint to you today to inform you I was the victim of identity theft. I researched on how to remove the fraudulent items in my report and found that I need to visit FEDERAL TRADE COMMISION or https : //www.ftc.gov to file a report and Per FCRA section 605b Credit Reporting Agencies are required to remove/block any items listed on an id theft report. Please find the ATTACHED documents to assist in the blocking of the erroneous information which is being posted to my report. Here are the list of items which do not belong to me or were opened without my permission :    , NC  ;    , NC  ;      NC        //2022 ;   //2022 ;            //2022 ;   Balance : {$0.00}.",Experian Information Solutions Inc.,NC,28304,2022-09-03 00:00:00+00:00,Closed with non-monetary relief,Yes,123,0,2022,UNKNOWN
2023-03-20 00:00:00+00:00,"Credit reporting, credit repair services, or other personal consumer reports",Credit reporting,Incorrect information on your report,Information belongs to someone else,", Experian and  are showing several accounts that are not mine and a result of identity theft / fraud. 
I am prepared to file suit against all 3 bureaus as this is causing a lot of conflict when I am applying for things. 

Experian :    : open // balance 0 Charge off     : open // Balance {$1800.00}      : Open // Balance {$540.00} Collection    : Open // Balance {$4800.00}     : // Balance {$1900.00} Collection  :    : open // balance 0 Charge off 2 times on report     : Open // Balance {$540.00} Collection 2 times on report    : Open // Balance {$4800.00} Collection 2 times on report /     : open // Balance {$1800.00} Collection  :     : open // Balance {$1800.00} Collection      Open // Balance {$540.00} Collection    : Open // Balance {$4800.00} Collection       : // Balance {$1900.00} Collection   : // {$530.00}",Experian Information Solutions Inc.,TX,77304,2023-03-20 00:00:00+00:00,Closed with explanation,Yes,138,0,2023,Untimely response
2024-09-13 00:00:00+00:00,Credit reporting or other personal consumer reports,Credit reporting,Incorrect information on your report,Account information incorrect,"              :  Experian  To Whom it May Concern, Account name :    I received a copy of my credit report. To my surprise, the credit reporting agencies are reporting this account incorrectly. This account is not only being reported as having a past due balance of {$7400.00}, but also reports that there have been  (   ) late payments with    Monthly payments. Also it reports an incorrect utilization of 122 %, which should equate to {$7400.00} and not {$7400.00}, as 22 % of {$6100.00} =  x  = {$1300.00} So the increase amount is {$1300.00} Adding the increase of {$1300.00} to the original {$6100.00} gives us : {$6100.00} + {$1300.00} = {$7400.00} Therefore,  plus a 22 % increase is {$7400.00} NOT {$7400.00}. According to the FCRA, I have the right to an accurate credit report. Please remove this account immediately from my credit report. Please provide me a copy of my new credit report reflecting this account remove upon completion. 

Sincerely,  ",Experian Information Solutions Inc.,NY,11236,2024-09-13 00:00:00+00:00,Closed with explanation,Yes,157,0,2024,Closed with explanation
2019-12-19 00:00:00+00:00,"Credit reporting, credit repair services, or other personal consumer reports",Credit reporting,Problem with a credit reporting company's investigation into an existing problem,Their investigation did not fix an error on your report,"Equifax ;   and   are reporting incorrectly a collection/charge-off in the amount of {$16000.00} on the   partial account number . ( Please see page attached from my credit report. ) The vehicle that was purchased had broken down and was deemed a total loss. I had GAP insurance and the total cost of the vehicle was covered by this insurance. There is no outstanding balance due and consequently nothing to collect or charge-off. This false reporting of a collection/charge-off is seriously harming my credit score and this line item needs to be removed from my credit report. I have contacted the ( 3 ) bureaus to have this line item removed from my credit report however, I have not been successful.","EQUIFAX, INC.",WA,98031,2019-12-19 00:00:00+00:00,Closed with non-monetary relief,Yes,120,0,2019,Closed with explanation
2018-04-03 00:00:00+00:00,Debt collection,Medical debt,Communication tactics,Frequent or repeated calls,"I was contacted in writing by QUALITY ASSET RECOVERY in // that a {$710.00} ambulance from // bill was sent to them for collection. I contacted the Quality Asset Recovery promptly and stated this had to of been an oversight and to let me resubmit to insurance for payment. About 30 days passed and I was contacted on //. I was told that the insurance company paid all but {$140.00} and could I make payment which I arranged to have paid on a credit card on //. On // I was checking my credit report and saw that QAR reported he {$710.00} as uncollected debt with a status of "" in collection '' on //. 

This is ridiculous I followed the ruled paid the debt and they didn't even give me and opportunity to make good on it. Totally unfair. I did contact Quality and they stated it will be removed from my credit report in 45 days. I am skeptical. Not only id this lower my credit score but I am was in the process of shopping for a mortgage and this has hurt",Other,PA,19114,2018-04-03 00:00:00+00:00,Closed with explanation,Yes,185,0,2018,Closed with non-monetary relief
2022-08-13 00:00:00+00:00,"Credit reporting, credit repair services, or other personal consumer reports",Credit reporting,Incorrect information on your report,Information belongs to someone else,"I have been submitting multiple letters // to // with complete attachments of my personal information and credit reports. Nevertheless, the requests I have sent out were consciously denied and neglected which I considered being unprofessional on the Bureaus end. This will be my last attempt to request all documents to be provided and issued to me. Not fulfilling with my request should result to immediate removal of the unauthorized inquiries listed below :  //   //  Inquiry Date //  Inquiry Date //  //  //  //    //  //  //   //","EQUIFAX, INC.",TX,77301,2022-08-13 00:00:00+00:00,Closed with explanation,Yes,89,0,2022,Closed with explanation
2025-08-08 00:00:00+00:00,Credit reporting or other personal consumer reports,Credit reporting,Incorrect information on your report,Information belongs to someone else,"I am formally requesting that the Consumer Financial Protection Bureau ( CFPB ) immediately enforce corrective action against Equifax, Experian, and TransUnion for persistent and repeated violations of federal law. Over 30 days ago, I submitted detailed written disputes, comprehensive identity theft documentation, and supporting evidence. The bureaus have unlawfully failed to comply with their statutory obligations under the Fair Credit Reporting Act ( FCRA ) and associated federal laws, constituting further violations.

Violations Committed by THE BUREAUS : 15 U.S.C. 1681 ( FCRA 607 ( b ) ) : Failure to maintain maximum possible accuracy FCRA 611 ( a ) ( 1 ) ( A ) : Failure to investigate consumer disputes within the statutory 30-day timeframe FCRA 611 ( a ) ( 6 ) : Failure to conduct reinvestigations and provide findings 15 U.S.C. 1692g : Failure
to notify the consumer of alleged debts within the required timeframe Gramm-Leach-Bliley Act ( 15 U.S.C. 68016809 ) : Failure to adequately safeguard consumer personal information 18 U.S.C. 1028 : Identity theft and unauthorized misuse of personal data 15 U.S.C. 1681g ( e ) : Failure to provide adequate victim assistance, fraud alerts, and recovery tools Metro2/CDIA Violations : Noncompliance with established industry reporting standards Nevada Deceptive Trade Practices Act ( NDTPA ),    : Violations relating to identity theft, deceptive reporting, and failure to protect consumer rights        : Criminal identity theft violations FDCPA 15 U.S.C. 1692g ( b ) : Failure to respond to validation requests within 30 days Fraudulent and Inaccurate Accounts Requiring Immediate Removal and Permanent Blocking :          Violations : FCRA 1681e ( b ), 1681i ( a ), 1681g, 1681s-2 ( b ), 1681i ( a ) ( 5 ) ( B ), 1681c ( a ) FDCPA 1692g ( a ), 1692g ( b ), 1692e ( 8 ), 1692d GLBA 6801 ( b ), 6802 ( a ) Metro 2 formatting and accuracy violations NV  :  Rev. .  DEMAND : Immediate deletion and blocking under FCRA 1681c-2. 
    Account Number :     Violations : FCRA 1681e ( b ), 1681i ( a ), 1681g, 1681s-2 ( b ), 1681i ( a ) ( 5 ) ( B ), 1681c ( a ) FDCPA 1692g ( a ), 1692g ( b ), 1692e ( 8 ), 1692d GLBA 6801 ( b ), 6802 ( a ) Metro 2 formatting and accuracy violations        DEMAND : Immediate deletion and blocking under FCRA 1681c-2. 
   Account Number :                 Violations : FCRA 1681e ( b ), 1681i ( a ), 1681g, 1681s-2 ( b ), 1681i ( a ) ( 5 ) ( B ), 1681c ( a ) FDCPA 1692g ( a ), 1692g ( b ), 1692e ( 8 ), 1692d GLBA 6801 ( b ), 6802 ( a ) Metro 2 formatting and accuracy violations        DEMAND : Immediate deletion and blocking under FCRA 1681c-2. 
   Account Number :           &      Violations : FCRA 1681e ( b ), 1681i ( a ), 1681g, 1681s-2 ( b ), 1681i ( a ) ( 5 ) ( B ), 1681c ( a ) FDCPA 1692g ( a ), 1692g ( b ), 1692e ( 8 ), 1692d GLBA 6801 ( b ), 6802 ( a ) Metro 2 formatting and accuracy violations                                                                                                                                                                                                                                                                                                                                                                                                                                                                                                                                                                                                                                                                     Demand : Immediate deletion and permanent blocking of these addresses under FCRA 1681c-2 due to identity theft and lack of verification. 
Incorrect Employer Listing             I Demand : Immediate deletion and permanent blocking of these employers under FCRA 1681c-2 due to identity theft and lack of verification. 
Incorrect Names :        Requested Relief from the CFPB : Immediate enforcement of removal and permanent blocking of all fraudulent and inaccurate accounts listed. 
Immediate deletion of all unauthorized hard inquiries. 
Correction of all inaccurate personal information, including addresses, employers, and names. 
Provision of updated credit reports from all three bureaus confirming these corrections. 
Implementation of statutory identity theft protections, including fraud alerts. 
Comprehensive investigation and imposition of sanctions for failure to comply with FCRA and FDCPA mandated deadlines. 
Imposition of appropriate fines or disciplinary actions against the bureaus for willful neglect of their legal obligations. 
Supporting Documentation Previously Submitted : Government-issued photo identification Social Security card Official police report documenting identity theft Proof of current residence Original dispute letters TO THE CREDITORS Declaration : I hereby affirm, under penalty of perjury, that all statements provided herein are truthful and accurate to the best of my knowledge. Due to the significant harm caused by the illegal actions of these bureaus and creditors, I request urgent intervention from the CFPB to enforce compliance with federal law, protect my consumer rights, and restore the integrity of my credit report.","TRANSUNION INTERMEDIATE HOLDINGS, INC.",NV,89120,2025-08-08 00:00:00+00:00,Closed with explanation,Yes,768,0,2025,Closed with explanation
2025-06-17 00:00:00+00:00,Debt collection,I do not know,Attempts to collect debt not owed,Debt was paid,"I recently reviewed my credit reports and was shocked to find multiple collection accounts from Rec mgmt Service for what is purported to be utilities debt. I am formally disputing this collection, as I do not recognize the debt and have no recollection of ever having this account. Furthermore, I have never received any communicationwhether by phone, text, email, or mailregarding this alleged debt. This includes the  letter that is required to notify a consumer of a collection. The lack of prior notification has raised significant concerns regarding the validity and accuracy of this account. Due to this erroneous reporting, I have encountered difficulties securing credit, which is now directly impacting my ability to obtain a home loan. Under the Fair Debt Collection Practices Act ( FDCPA ), I am requesting that you immediately remove this collection from all credit reporting agencies and cease any further collection efforts regarding this disputed debt.",Other,GA,30126,2025-06-17 00:00:00+00:00,Closed with explanation,Yes,152,0,2025,UNKNOWN
2025-06-24 00:00:00+00:00,Credit reporting or other personal consumer reports,Credit reporting,Incorrect information on your report,Information belongs to someone else,"This CFPB complaint has been filed to request pursuant to FCRA 605B ( 15 U.S.C.

1681c-2 ) that you, the Experian credit reporting agency, block information appearing on my consumer credit report that is the result of identity theft and fraud within 4 business days of you receiving this complaint. The following items do not belong to me and is a result of fraud that I did not authorize : Also, would like to have all addresses and names REMOVED from my credit report, except for my only name and address listed below : Name :   Address :      AL  ACCOUNTS :  - Account Number :                                   //",Experian Information Solutions Inc.,AL,352XX,2025-06-24 00:00:00+00:00,Closed with explanation,Yes,106,0,2025,UNKNOWN
2025-11-21 00:00:00+00:00,Checking or savings account,Checking account,Managing an account,Problem making or receiving payments,"Today 's date //year>, I called US    number to fix my checking account it is not the option to pay bills from it and the person on the phone acting like that they could not hear so I asked for a   the person left me on post for  minutes all I wanted to do is fix my account and the issue was the bill pay was not working",U.S. BANCORP,TN,38016,2025-11-21 00:00:00+00:00,Closed with explanation,Yes,68,0,2025,UNKNOWN
2019-09-27 00:00:00+00:00,Credit card or prepaid card,General-purpose credit card or charge card,Getting a credit card,Application denied,"Hello. I received an invitation from Chase Bank with what appears to be a pre-approval invitation to the bank. Once I applied, it said denied. The invitation clearly makes the consumer believe that he or she will be approved for the card. After speaking with the supervisor, he apologized for the marketing error but would not remove the inquiry from my reports. I would like them to be removed.",JPMORGAN CHASE & CO.,GA,31721,2019-09-27 00:00:00+00:00,Closed with explanation,Yes,69,0,2019,UNKNOWN
2022-03-02 00:00:00+00:00,"Credit reporting, credit repair services, or other personal consumer reports",Credit reporting,Problem with a credit reporting company's investigation into an existing problem,Their investigation did not fix an error on your report,"I am filing this complaint to request the following accounts which I believe appearing to be inaccurate and incomplete be immediately investigated and corrected on my credit file :       Balance $  I do not believe I was late on the dates you are reporting. Please report the payment status positive and update all late from reporting on this account ;       Balance $  This is a formal request for an investigation of this account 's comments, account type, and account name. There is a possibility that this information may be inaccurate. This must be removed immediately ;      Balance $  I need the following investigated account name, date of last activity, and opening date. I believe this information may be wrong. I need this removed immediately ;       Balance $  You are reporting inaccurate information on this account. Per FCRA, reporting must be 100 % accurate or the information must be deleted.","EQUIFAX, INC.",FL,33417,2022-03-02 00:00:00+00:00,Closed with explanation,Yes,149,0,2022,Closed with explanation
2025-02-11 00:00:00+00:00,Credit reporting or other personal consumer reports,Credit reporting,Incorrect information on your report,Information belongs to someone else,"I Recently reviewed a copy of my credit report and noticed I had fraudulent account on my report. Please remove this account from my report. They are hurting my ability to obtain credit. Please remove all fraudulent accounts to my report. 

In accordance with the fair credit reporting          Account number          Account number     Account number  Has violated my rights. 
15 U.S.C 1681 SECTION 602 A. STATE I HAVE THE RIGHTS TO PRIVACY.

15 U.S.C 1681 SECTION 604 A SECTION 2 : IT ALSO STATE A CONSUMER REPOERTING AGENCY CAN NOT FURNISH A ACCOUNT WITHOUT MY WRITINEN INSTRUCTIONS.",Experian Information Solutions Inc.,FL,32750,2025-02-11 00:00:00+00:00,Closed with explanation,Yes,96,0,2025,Closed with explanation
2017-02-24 00:00:00+00:00,Bank account or service,Checking account,Using a debit or ATM card,Not applicable,"so last year I had open an account with wells fargo my account was getting hacked I had to open up claims the claims were denied and all my money was gone, I went into the branch to let them know what was going on and come to find out they said that they can no longer due business with me there nothing i can do, I had got a email from  let me know that my social security was out there and that I needed I need to let everybody know I let wells fargo know what happen they still closed my account and said they ca n't do business with me I was so hurt because i really loved wells fargo and i came from wachovia and i never had any problems with wachovia and for wells fargo to just dismiss me after i was hacked says they are not gon na protect me and they do n't protect there customers. after I saw that wells fargo was being sued due to people hacking into people account I let them know that i was hacked and then i was let go they basically said i still ca n't do business with them and theres nothing further they can do and basically i owe them money. wells fargo owes me my money and my name back and I want that they were doing shady business when people back was turn own up to what has been done so i can clear my name I mean its rough when banks do n't believe that its you wen accounts are getting hacked",WELLS FARGO & COMPANY,FL,33023,2017-02-24 00:00:00+00:00,Closed with explanation,No,271,0,2017,Closed with explanation
2016-05-11 00:00:00+00:00,Credit reporting,Not applicable,Incorrect information on credit report,Account status,EQUIFAX CREDIT REPORTING AGENCY IS REPORTING A CLOSED ACCOUNT I HAD WITH      AS HAVING A {$15000.00} BALANCE AS WELL AS A {$15000.00} PAST DUE AMOUNT. I HAVE DISPUTED THIS ITEM BEFORE AND HAVE HAD IT SHOW A {$0.00} BALANCE AND {$0.00} PAST DUE AMOUNT.   CLOSED THE ACCOUNT AND NOW SHOW IT AS PAID WITH A {$0.00} BALANCE AFTER A  FORM WAS FILED AND THIS MONEY REPORTED AS ADDITIONAL INCOME TO THE IRS.   AND   AT  ARE THE CONTACTS AT THE CU. I NEED THIS BALANCE REMOVED FROM MY CREDIT REPORT ASAP.,"EQUIFAX, INC.",TX,78249,2016-05-11 00:00:00+00:00,Closed with explanation,Yes,90,0,2016,Closed with explanation
2020-01-30 00:00:00+00:00,Checking or savings account,Checking account,Managing an account,Banking errors,"On //2019, we (     ) received a check from our customer and made a deposit onto our bank ( BB & T ) account with the correct checking account number on the endorsement at a Washington DC BB & T branch ( Mailcode :  - Address :      , Washington, DC  ). 

After the annual reconciliation, we found out that the check we deposited was not properly credited onto our BB & T Checking account. So we contacted our customer to send us a copy of the cancelled check, which later we received. With the image of cancelled check, we checked our BB & T Washington DC branch, the same branch where we made the deposit. However, Ms.    ( Branch Banker Team Leader II ) said, because they destroyed the original deposited check after 45 days, they couldn't not help us. 

Since it's due to their error ( possibly credit to a different account ) and it's all digital, we don't understand why our BB & T couldn't further investigate and made a corrective actions.",Other,MD,20878,2020-01-30 00:00:00+00:00,Closed with explanation,Yes,174,0,2020,Closed with explanation
2021-09-30 00:00:00+00:00,"Credit reporting, credit repair services, or other personal consumer reports",Credit reporting,Problem with a credit reporting company's investigation into an existing problem,Their investigation did not fix an error on your report,"Hi, I can't believe you guys are taking advantage of me. I AM VERY UPSET the credit bureaus have not responded back to me about my investigation. I sent a letter, it's more than 60days. I need these accounts deleted or updated. These are the items I demanding to be deleted immediately : Reason : FDCPA section 807 Violation misleading false reporting Company name :   Account number :  Reason : Misleading false information This is a HIPPA violation you can not report health information on my credit report Company name :    Account number :  Reason : Misleading false information This is a HIPPA violation you can not report health information on my credit report Company name :         Account number :  Reason : Validate account. Prove it. Give me the signed contract that gives you consent that contains my signature giving you consent to do so Company name :  Account number :  Reason : Misleading false information This is a HIPPA violation you can not report health information on my credit report Company name :   Account number : ","EQUIFAX, INC.",FL,32835,2021-09-30 00:00:00+00:00,Closed with explanation,Yes,177,0,2021,UNKNOWN
2026-01-05 00:00:00+00:00,Debt collection,Rental debt,Attempts to collect debt not owed,Debt is not yours,"I am    member of the  . My last apartment complex when I lived there I was  . I received my  and I sent them an email stating I have received my  and would like to end my lease. I then followed up with an email of my . Eventually they send me a email with a pdf file that shows a bill of all the things I owe and one of them was early termination fee. At the top of the bill they sent me it had said I applied and moved into the apartment the SAME day. That doesnt happen said I moved in // it says my lease STARTED on // and my lease ENDED on // a day before my leave started it also says that I moved out // they also have a blank date next to date notified implying I never gave a notice but I have PROOF I did. How can I move in the same day I apply? How can my lease start 2 years after I move in? How can my lease end a day before it starts? Per federal law, 50 U.S.C. 535, a Separation from Service is considered a PCS and the Servicemembers Civil Relief Act of 2003 ( SCRA ) will terminate the obligation of rental leases. This is a federal misdemeanor.",Other,MS,386XX,2026-01-05 00:00:00+00:00,Closed with non-monetary relief,Yes,223,0,2026,UNKNOWN
2020-03-29 00:00:00+00:00,"Credit reporting, credit repair services, or other personal consumer reports",Credit reporting,Incorrect information on your report,Account status incorrect,"After filing my last complaint about the 30day late payment in //2020, Lakeview agreed to remove late payment and update the account to all credit bureaus. It has been over 30 days and Ive checked my credit and the it is still showing a 30day late on .",Other,CA,91405,2020-03-29 00:00:00+00:00,Closed with explanation,Yes,48,0,2020,UNKNOWN
2025-09-30 00:00:00+00:00,Credit card,General-purpose credit card or charge card,Getting a credit card,Delay in processing application,I have a hard inquiry on my credit report from JPMCB ( chase ) bank on //year>. I never received a notice of decision within the required   day window per ECOA guidelines. I called several times to ask what the decision was and the representatives were not able to locate an application at all. The company is legally required to notify a consumer is approved or denial within   days. It is in unacceptable that none of their representatives can provide information. Especially since they ran my credit.,JPMORGAN CHASE & CO.,AZ,85048,2025-09-30 00:00:00+00:00,Closed with explanation,Yes,87,0,2025,UNKNOWN
2025-06-17 00:00:00+00:00,Credit reporting or other personal consumer reports,Credit reporting,Improper use of your report,Reporting company used your report improperly,"Experian      , TX  This CFPB complaint has been filed to request pursuant to FCRA 605B ( 15 U.S.C.

1681c-2 ) that you, the  credit reporting agency, block information appearing on my consumer credit report that is the result of identity theft and fraud within  business days of you receiving this complaint. The following items do not belong to me and is a result of fraud that I did not authorize : Also, would like to have all addresses and names REMOVED from my credit report, except for my only name and address listed below : Name :   Address :     UNIT   FL  ACCOUNTS :    - Account Number :             , Date Opened : //, Balance : {$850.00} INQUIRIES :   NA Date : //    Date : //    Date : //    Date : //     Date : //",Experian Information Solutions Inc.,FL,33157,2025-06-17 00:00:00+00:00,Closed with explanation,Yes,133,0,2025,Closed with explanation
2024-09-21 00:00:00+00:00,Credit reporting or other personal consumer reports,Credit reporting,Improper use of your report,Reporting company used your report improperly,"Subject : Request for Description of Investigation Process - Disputed Accounts on my Credit Report EQUIFAX Dear Sir/Madam , EQUIFAX completes its investigation into the account related to the letter sent on //year>, which is written in this complaint, please I am writing to request a detailed description of the investigation process followed by your agency regarding the disputed accounts on my credit report. Pursuant to the Fair Credit Reporting Act ( FCRA ), 15 USC 16811 ( 7 ) credit reporting agencies are obligated to provide a description of the investigation within 15 days of receiving a consumer 's dispute.

Additionally, under the Truth in Lending Act ( TILA ), 15 USC 1601, it is imperative that all credit information provided is accurate and transparent to protect consumer rights Below are the details of the disputed account. 

     I recently reviewed my credit report and noticed an account that was not reporting accurately, I had ONE late payment on an account that I was in fact paid on time. The consumer reporting agencies need to report all information with complete accuracy. this account has not been late on payments Ive attached a copy of my report to this complaint on the following dates ( //year> ) I'm now requesting you investigate this account and update these payment to be paid on time immediately. 

Thank you for your understanding and prompt action I kindly request that you provide a description of the procedure used to investigate and verify this account. If you can not update payment on time, please provide the required information. 

I appreciate your prompt attention to this request and look forward to receiving a response within the timeframe established by the FCRA, the Consumer Protection Act, and the Truth in Lending Act.","EQUIFAX, INC.",MA,01841,2024-09-21 00:00:00+00:00,Closed with non-monetary relief,Yes,294,0,2024,Untimely response
2024-09-23 00:00:00+00:00,Credit reporting or other personal consumer reports,Credit reporting,Incorrect information on your report,Account status incorrect,These reported late payments do not reflect my normal payment behavior.,"TRANSUNION INTERMEDIATE HOLDINGS, INC.",GA,30318,2024-09-23 00:00:00+00:00,Closed with non-monetary relief,Yes,11,0,2024,Closed with explanation
2018-03-12 00:00:00+00:00,Credit card or prepaid card,General-purpose credit card or charge card,Problem with a purchase shown on your statement,Credit card company isn't resolving a dispute about a purchase on your statement,"I received  Chase credit card with annual membership fee of {$450.00}. The card was stolen from my purse ( perhaps work of my house cleaners ) and fraudulently charged. I reported to Chase Credit Card Fraud department immediately, after investigating the incident Chase credited my account back and closed the Credit Card. However, the membership fee was never credited and up until today Chase is showing that I still owe membership fee plus late charges of {$490.00}, on the closed account. Chase has reported to credit bureaus over 60- days late and damaged my 20 plus years of credit history with no late ever reported ....

I have made several attempts to resolve this issue directly with Chase Credit Card customer service and their billing department and so far every agent that I have spoke with gave me run-a-round and promising answer - but with not resolution to resolve the issue. My problem is to understand - why I have to be responsible for membership fee if I never used the card, never. Chase bank closed the account after the fraud resolution, but they are still making me responsible for membership fee on the closed card.

I am asking for help in resolving this matter, to fully credit my credit card balance on Account Number :    , and report the credit bureaus to correct the reported late payments on this card ...",JPMORGAN CHASE & CO.,CA,91501,2018-03-13 00:00:00+00:00,Closed with monetary relief,Yes,232,1,2018,Closed with monetary relief
2025-01-05 00:00:00+00:00,Credit reporting or other personal consumer reports,Credit reporting,Problem with a company's investigation into an existing problem,Their investigation did not fix an error on your report,"                                                 According to the Fair Credit Reporting Act, Section 609 ( a ) ( 1 ) ( A ), you are required by federal law to verify through the physical verification of the original signed consumer contract and all accounts you post on a credit report. Otherwise, anyone paying for your reporting services could fax, mail or email in a fraudulent account.

I demand to see Verifiable Proof ( an original Consumer Credit Contract with my Signature on it ) you have on file of the accounts listed below. Your failure to positively verity these accounts has hurt my ability to obtain credit. Under the FCRA, unverified accounts must be removed and if you are unable to provide me a copy of verifiable proof, you must remove the accounts listed below. 

I demand the following accounts to be verified or removed immediately. 
. Erroneous Direct Violation Of The FCRA     Please investigate and delete from my credit report . Erroneous Direct Violation Of The FCRA    Please investigate and delete from my credit report Please remove all non-account holding inquiries over 30 days old. 
Please add a Promotional Suppression to my credit file.

Please remove all accounts that are not METRO 2 COMPLIANCE.

Please note that you have 30 days to complete this investigation, as per the Fair Credit Reporting Act Section 611 ( a ) ( 1 ) ( A ). Be advised that the description of the procedure used to determine the accuracy and completeness of the information is herby requested as well, to be provided within ( 5 ) days of the completion of your re-investigation and I am keeping a careful record of your actions, including your Method of Verification. I do not consent to e-Oscar or any means of automated verification.

Failure to respond satisfactorily within 30 days of receipt of this certified letter may result in a small claims action against your company, seeking {$5000.00} per violation for : 1 ) Defamation 2 ) Negligent Enablement of Identity Fraud 3 ) Violations of the Fair Credit Reporting Act 4 ) Financial Injury My contact information is as follows :                                              . Please be aware that dependent upon your response, I may be detailing any potential issues with your company via an online public press release, including documentation of any potential small claims action. I am also including a copy of my complaint to the organizations below :                                                                                                  ","EQUIFAX, INC.",SC,295XX,2025-01-05 00:00:00+00:00,Closed with non-monetary relief,Yes,399,0,2025,Untimely response
2018-03-19 00:00:00+00:00,Debt collection,Private student loan debt,Threatened to contact someone or share information improperly,Contacted your employer,"Repeated calls to my employer, family members and contacts of mine asking for personal information about me .... I have not received any calls, messages or mail directly to myself regarding the matter. 

Ive notified them by emails as well as verbally to not contact or harass these people","Navient Solutions, LLC.",NM,88005,2018-03-20 00:00:00+00:00,Closed with explanation,Yes,49,1,2018,UNKNOWN
2023-09-03 00:00:00+00:00,Debt collection,Payday loan debt,Electronic communications,"You told them to stop contacting you, but they keep trying",They email and call me constantly but all but refuse to show me where this debt is from.,Other,GA,30310,2023-09-03 00:00:00+00:00,Closed with explanation,Yes,18,0,2023,UNKNOWN
2025-11-05 00:00:00+00:00,Checking or savings account,Checking account,Managing an account,Deposits and withdrawals,I deposited checks in the calabash nc branch of PNC Bank ..  check was on hold for fraudulent suspicion ... another check was held too deposited another date and my account was frozen and I had no access to my funds unrelated to the check deposit .. the fraud department would not explain to me why  checks from  separate banks were flagged,Other,NC,284XX,2025-11-05 00:00:00+00:00,Closed with explanation,Yes,62,0,2025,UNKNOWN
2022-07-26 00:00:00+00:00,"Credit reporting, credit repair services, or other personal consumer reports",Credit reporting,Improper use of your report,Reporting company used your report improperly,"In accordance with the Fair Credit Reporting act   Account # , , ,  my rights. 
15 U.S.C 1681 section 602 A. States I have the right to privacy.

15 U.S.C 1681 Section 604 A Section 2 : It also states a consumer reporting agency can not furnish a account without my written instructions.","TRANSUNION INTERMEDIATE HOLDINGS, INC.",MO,63026,2022-07-26 00:00:00+00:00,Closed with non-monetary relief,Yes,53,0,2022,UNKNOWN
2017-01-24 00:00:00+00:00,Credit reporting,Not applicable,Incorrect information on credit report,Account terms,The Creditor is reporting past the terms allowed. Dates were change after each dispute to justify longer terms on a close account.,"EQUIFAX, INC.",TX,XXXXX,2017-01-24 00:00:00+00:00,Closed with explanation,Yes,22,0,2017,Closed with explanation
2024-10-02 00:00:00+00:00,Student loan,Federal student loan servicing,Incorrect information on your report,Information belongs to someone else,"I am getting emails for , who I am assuming is my mother. I have never had an account with Nelnet and do not have any federal student loans.",Other,MA,014XX,2024-10-02 00:00:00+00:00,Closed with explanation,Yes,29,0,2024,Closed with explanation
2024-12-12 00:00:00+00:00,Checking or savings account,Checking account,Problem with a lender or other company charging your account,Transaction was not authorized,"Had a wells fargo account   they kept charging me for everything. At first iwas just irresponsible and did not know how to budget very well. but they charged me  dollars anytime i went over draft. This was around . I ended up getting the account closed do to neglegence. Then in  i believe i found out that i had another account there somehow, I went and got my check s the account was already open and i did not do it. 

I would like the damage reversed or to be compensated thank you",WELLS FARGO & COMPANY,MN,56560,2024-12-12 00:00:00+00:00,Closed with explanation,Yes,93,0,2024,Closed with monetary relief
2021-02-04 00:00:00+00:00,"Credit reporting, credit repair services, or other personal consumer reports",Credit reporting,Incorrect information on your report,Account information incorrect,"I spoke with creditor  this remark is NOT accurate. This account has been paid off and on time.  said they sent a notice to the credit agencies why hasn't this been fixed. 

  AUTO Fix this ASAP","TRANSUNION INTERMEDIATE HOLDINGS, INC.",FL,33626,2021-02-04 00:00:00+00:00,Closed with explanation,Yes,36,0,2021,Closed with explanation
2024-05-02 00:00:00+00:00,Credit reporting or other personal consumer reports,Credit reporting,Improper use of your report,Reporting company used your report improperly,"The below listed collection companies can not collect on a  debt. This is now considered a certificate of indebtedness per the   and income can not be reported. The   Clearly defines a charge off as Gross or Ordinary income, INCOME DOES NOT GET REPORTED ON THE CONSUMER REPORT which in fact makes reporting of these accounts inaccurate. By Definition, the   Clearly says a Cancelled debt or  off is Income. The reporting of these account as a debt is inaccurate. I never received a  from      ,  nor     for the cancelled debts in order to file as ordinary income. Where is my  from these collectors? Where are any copies of the  forms they were required to submit? They are clearly writing off debt with the   without sending out  as required by the   for  greater than  ( but also for any amount ). This is unsatisfactory at best and CRIMINAL at worst. 

The below noted "" collectors '' have been HEREBY PUT ON NOTICE that they are furnishing incorrect inaccurate information and I am ordering them to REMOVE these reports from the  credit agencies : ,  and . 

CHARGED OFF ACCOUNTS REPORTING : JEFFERSON CAPITAL SYST Balance  Balance updated  ,      Balance  Balance updated  ,     Balance  Balance updated        Balance   Balance updated  , ",Other,NV,89117,2024-05-02 00:00:00+00:00,Closed with explanation,Yes,207,0,2024,Closed with explanation
2023-08-07 00:00:00+00:00,"Credit reporting, credit repair services, or other personal consumer reports",Credit reporting,Improper use of your report,Reporting company used your report improperly,"In accordance with the Fair Credit Reporting act. The list of accounts belowhas violated my federally protected consumer rights to privacy and confidentiality under 15 USC 1681. 

 # ,    # ,   # ,       ,  # ,    # ,    # ,        # ,   #  Has violated my rights. 

15 U.S.C 1681 Section A. States I have the right to privacy.

15 U.S.C 1681 Section 604 A Section : It also states a consumer reporting agency can not funish a account without my written instructions 15 U.S.C 1681c. ( a ) ( 5 ) Section States : no consumer reporting agency may make any consumer report containing any of the following items of information any other adverse of information, other than records of convictions of crimes which antedates the report by more than seven years.

15 U.S.C 1681s-2 ( A ) ( 1 ) Aperson shall not furnish any information relating to a consumer to any consumer reporting agency if the person knows or has resonable cause to believe that the information is inaccurate.","EQUIFAX, INC.",TX,78570,2023-08-07 00:00:00+00:00,Closed with non-monetary relief,Yes,172,0,2023,UNKNOWN
2024-06-25 00:00:00+00:00,Credit card,General-purpose credit card or charge card,Fees or interest,Problem with fees,"On //, I received my TJX/Synchrony Bank Statement in the mail and immediately wrote a check and mailed it to the address on the statement. They are claiming that since they received on the  that i was to pay late fees of {$27.00}, and as a result of being late I also had to pay 34.5 % interest amounting to {$62.00} on the outstanding balance for those three days between the  due date and the // date they claim to have received the payment of. They state that they are not responsible for any mail delivery issues and that I am expected to pay the penalty and interest because I didn't make the payment in advance of the  due date. How can I pay it any faster than the day I receive their statement? 

Today I received my  statement of {$1300.00}, and knowing they want it paid by , I had to call in and do a draft from my checking account in order to be certain the payment arrives in time or I will face additional late fees and interest. 

On a side note, what is the CFPB have to say about the fact that their statements are arriving late arriving to me which causes the time window to receive a timely payment made to them arrive later and now they impose late fees and interest? due to the post office deliveries being late, and I am supposed to adapt my schedule and method of payments? This seems like an unfair situation for a consumer as we do everything correct, and end up paying almost an additional {$100.00} on a 1 month bill. 

Furthermore, they are trying to force us into doing on line banking and having experience where my identity was stolen and it took months to straighten out, do not do any financial transactions over email.",SYNCHRONY FINANCIAL,SC,295XX,2024-06-25 00:00:00+00:00,Closed with explanation,Yes,309,0,2024,UNKNOWN
2016-02-02 00:00:00+00:00,Consumer Loan,Installment loan,Problems when you are unable to pay,Not applicable,"A collection agency FIRST NATIONAL COLLECTION BUREAU in  Nevada is trying to collect a sum of {$2400.00}. 
Received a mailing from them last summer stating I owed a debt which they were hired to collect.",Other,NV,89121,2016-02-08 00:00:00+00:00,Closed with explanation,Yes,35,6,2016,UNKNOWN
2022-06-30 00:00:00+00:00,"Credit reporting, credit repair services, or other personal consumer reports",Credit reporting,Problem with a credit reporting company's investigation into an existing problem,Was not notified of investigation status or results,I Have 3 credit cards that were opened up by someone else then me see letter of explanation,Experian Information Solutions Inc.,AZ,85260,2022-06-30 00:00:00+00:00,Closed with explanation,Yes,18,0,2022,Closed with explanation
2019-05-12 00:00:00+00:00,"Credit reporting, credit repair services, or other personal consumer reports",Credit reporting,Credit monitoring or identity theft protection services,Problem canceling credit monitoring or identify theft protection service,"I have asked credit reporting companies to remove Late Payment issues with my Credit Card companies. My bank account was compromised do to no fault on my own and my direct payments to credit card companies was rejected. 
My bank  Bank was hacked and they did not notify me until my payments bounced. My bank should be held responsible not me. I had no control over there security issues.",Experian Information Solutions Inc.,MA,018XX,2019-05-12 00:00:00+00:00,Closed with non-monetary relief,Yes,69,0,2019,Closed with explanation
2025-10-20 00:00:00+00:00,Credit reporting or other personal consumer reports,Credit reporting,Improper use of your report,Credit inquiries on your report that you don't recognize,"I am formally disputing hard inquiries listed on my credit report, which I believe was made without my authorization. Inquiries in question are as follows :  // ;   //, // ;  //, // ;    // ;  // ;                                         // ;  //. I did not initiate or authorize these credit inquiries, and I request that they be removed from my credit report. Under the Fair Credit Reporting Act ( FCRA ), I have the right to dispute inaccurate or unauthorized information on my credit report. Specifically, the FCRA mandates that consumer reporting agencies investigate disputes and correct or delete any information that is found to be inaccurate or unverifiable. They must be removed from my report. Due to the ongoing FTC shutdown, I am unable to create an FTC Identity Theft report at this time. Please conduct a thorough investigation into this matter and provide me with the results in writing. I request that they be promptly removed from my credit report.","TRANSUNION INTERMEDIATE HOLDINGS, INC.",NJ,08816,2025-10-20 00:00:00+00:00,Closed with non-monetary relief,Yes,161,0,2025,Closed with explanation
2021-06-22 00:00:00+00:00,"Credit reporting, credit repair services, or other personal consumer reports",Credit reporting,Incorrect information on your report,Public record information inaccurate,I have made a just a legal attempt to get American Express to remove a credit report. I sent them Certified return receipt correspondence and after 30 days they failed to provide me with any information. After the failure and giving the due time I sent another letter giving them 10 days to show proof of the debts or delete the file. My letters were carefully written under guidance from a credit counselor and the only response is that they can not comply because they have a wrong address associated with my account.,AMERICAN EXPRESS COMPANY,MI,492XX,2021-06-22 00:00:00+00:00,Closed with explanation,Yes,93,0,2021,Untimely response
2016-10-14 00:00:00+00:00,Credit reporting,Not applicable,Incorrect information on credit report,Information is not mine,",   SOC SEC #  DOB // ADDRESS      ,  , FL  This serves to notify you on the inaccurate information on my credit report as per your file. I have sent this letter via registered mail for purposes of formal escalation in the appropriate courts of law should the need arise. Recently, I 've been denied in my application for ( mortgage, car loan, credit card, health insurance, employment ) in Florida  closer look, this was due to inaccurate information on credit report ; mine. My Florida id and social security card was stolen. I have been disputing this charge and have proved that it was a fraudulent account I have also included a copy of the police report. I 've been unnecessarily embarrassed by this oversight on your part or maybe your credit reporter 's part. The erroneous information below is not only degrading or defamatory. It has also damaged my good credit standing, prevented me from having something that I badly needed, and most of all it has caused too much stress which has affected my health. In short, the quality of my life has been negatively affected by this inaccurate information on the credit report which is detailed as follows ;      ,   SOC SEC #  DOB // ADDRESS      ,  , FL ","TRANSUNION INTERMEDIATE HOLDINGS, INC.",FL,33062,2016-10-14 00:00:00+00:00,Closed with explanation,Yes,213,0,2016,UNKNOWN
2022-11-02 00:00:00+00:00,Debt collection,Medical debt,Attempts to collect debt not owed,Debt is not yours,"On or around //   ,   ( Original Creditor ) sent account for {$690.00} to Professional Credit Management ( Collection Agency ) On or around mid // or //  XXXXl also sent another account in the amount of {$480.00} to the same collection agency in error. The original creditor never filed this with my insurance provider. 

I have spoken with several different people at    Department and   agency to get this matter resolved. I have been unsuccessful in getting the {$690.00} removed. I did not authorize    to share any information with anyone which is a violation of the HIPPA LAW.",Other,AR,XXXXX,2022-11-02 00:00:00+00:00,Closed with explanation,Yes,98,0,2022,Closed with explanation
2015-11-19 00:00:00+00:00,Mortgage,Conventional fixed mortgage,"Loan modification,collection,foreclosure",Not applicable,Bank of America has not responded to me in regards to my current situation. I have sent Bank of America a contract ( see attachment ) to sell my property as I want to avoid foreclosure. The title company has faxed the contract over to Bank of America and also has not received a response. Please help.,"BANK OF AMERICA, NATIONAL ASSOCIATION",FL,33617,2015-11-19 00:00:00+00:00,Closed with explanation,Yes,57,0,2015,Untimely response
2021-06-12 00:00:00+00:00,"Credit reporting, credit repair services, or other personal consumer reports",Credit reporting,Improper use of your report,Credit inquiries on your report that you don't recognize,I noticed multiple hard inquiries on my credit reports that I didn't authorize nor did I benefit from the inquiries. The date was //2019. I have reached out to each of these companies on multiple occasions letting them know that didn't have permissible purpose but they have not removed these unauthorized hard inquiries.,Other,MD,21009,2021-06-12 00:00:00+00:00,Closed with explanation,Yes,53,0,2021,Closed with explanation
2023-07-06 00:00:00+00:00,"Credit reporting, credit repair services, or other personal consumer reports",Credit reporting,Incorrect information on your report,Account information incorrect,"PAID IN FULL 20 SEPARATE STUDENTS LOANS TOTALLING {$85000.00} ON //2023, DISPUTED ON ALL THREE CREDIT PLATFORMS EXPERIAN,  AND  ON //2023, CREDIT SCORE HAS REMAINED THE SAME  TO  AFTER PAYING OFF {$85000.00} OF {$96000.00} TOTAL ON ALL THREE CREDIT REPORTS. PLEASE INCREASE MY CREDIT SCORE TO SHOW {$85000.00} DEBT PAID IN FULL.",Experian Information Solutions Inc.,GA,30253,2023-07-06 00:00:00+00:00,Closed with non-monetary relief,Yes,52,0,2023,Closed with explanation
2023-09-05 00:00:00+00:00,Credit reporting or other personal consumer reports,Credit reporting,Incorrect information on your report,Account information incorrect,"I sent a request to have an item removed from my credit file, because number one, it is reporting that it was included. and discharged in a    bankruptcy, which is incorrect, it was never included in my bankruptcy. This was a savings account. They verified that the information was correct. Experian verified this. In my request, I asked them to give me a name and a phone number of the person that verified that this account was included in a bankruptcy, they just sent a copy of my report back stating that the information was verified. I also asked  to remove this information, because they have it reporting as a loan, and a paid collection. This is 100 % inaccurate. This amount is for {$89.00}, and it was a closed savings account that never went into collections. I paid it, and I still have an account with this financial institution. Also I understand that because this amount is under {$100.00}, it is not factored in my  score, so I want it deleted all-together. It is reporting wrong, and it does not help my  score either way. According to US CODE 1681e, sub-section b. Whenever a consumer reporting agency prepares a consumer report, it shall follow reasonable procedures to assume maximum, possible accuracy of the information concerning the individual, about whom the report relates to.",Experian Information Solutions Inc.,IL,60443,2023-09-05 00:00:00+00:00,Closed with explanation,Yes,224,0,2023,Closed with explanation
2016-12-01 00:00:00+00:00,Credit reporting,Not applicable,Credit reporting company's investigation,Problem with statement of dispute,"CFPB Complaint //2016 Credit reporting and investigation issues. 
This complaint is a direct result of the statements provided by   with CFPB Case No : . The statements provided are of such low quality they are difficult, if not impossible to read ; therefore I am attaching their original response. 
I attempted to send the statements to TransUnion via fax but was informed by a TransUnion representative the statements provided by   are not legible when printed or fax. 
I am attaching the statements and the letter, that were uploaded by   to the CFPB complaint dated  , 2016 signed by  , stating the account is reporting correctly with the CRA 's with a balance of {$2500.00}. 
My current credit report of //16 shows a high balance of {$1900.00} and/or the credit limit of {$1500.00}. This is incorrect. 

I have attached my current credit report, showing   reporting inaccurate, along with the CFPB  response from  . 

Thank you for time and assistance in this matter.","TRANSUNION INTERMEDIATE HOLDINGS, INC.",AZ,85635,2016-12-01 00:00:00+00:00,Closed with explanation,Yes,161,0,2016,UNKNOWN
2025-03-26 00:00:00+00:00,Credit reporting or other personal consumer reports,Credit reporting,Incorrect information on your report,Information belongs to someone else,Identity Theft please check information concerning Equifax data breach below in attachments,"EQUIFAX, INC.",CA,91607,2025-03-26 00:00:00+00:00,Closed with non-monetary relief,Yes,12,0,2025,UNKNOWN
2019-05-29 00:00:00+00:00,"Credit reporting, credit repair services, or other personal consumer reports",Credit reporting,Incorrect information on your report,Information belongs to someone else,Equifax data breach has compromised my credit showing inquires not known to me and a creditor attach in this dispute sent fcra violation or ftc,"EQUIFAX, INC.",TX,77095,2019-05-29 00:00:00+00:00,Closed with explanation,Yes,25,0,2019,UNKNOWN
2024-07-24 00:00:00+00:00,Credit reporting or other personal consumer reports,Credit reporting,Incorrect information on your report,Old information reappears or never goes away,"Their is a charged off account from      account number #  in the amount  that should not be reported on my account : it is either another persons with a similar name or identity theft. 

I have maintained a fraud alert on my credit bureau profiles for more then   years with strict instructions on how to verify me and validate that it is actually I, that is taking out the loans. 
I asked for proof that it was my loan and the lender has failed multiple times to provide it under the rules and regulations outlined for the fair credit bureau reporting process. 

I have filed disputes with all the credit bureaus to remove and block said account.i want them to delete and block the following account from being reported now and or in the future.","TRANSUNION INTERMEDIATE HOLDINGS, INC.",TX,76114,2024-07-24 00:00:00+00:00,Closed with non-monetary relief,Yes,135,0,2024,UNKNOWN
2017-08-31 00:00:00+00:00,Debt collection,Other debt,Threatened to contact someone or share information improperly,Contacted you instead of your attorney,"On //17 I was contacted by   from the company Brown & Joseph , Ltd. located in , IL, threatening me to pay a debt that I did n't even know I had and taking my case to a court room. He was demanding me to pay over thousand dollar in workers compensation policy that I never had because I decided for another company. 
He also said he was going to talk to me in  as I did n't understand English.. I am not a  speaking person and I speak English. He finally sent me an email saying It was better to pay the amount before  Central Time, or the case would go worse.",Other,IL,60707,2017-08-31 00:00:00+00:00,Closed with explanation,Yes,113,0,2017,Untimely response
2022-03-19 00:00:00+00:00,"Credit reporting, credit repair services, or other personal consumer reports",Credit reporting,Incorrect information on your report,Account status incorrect,"on //2021 I made a call to    and explained to them that I had an incorrect late payment on my account. I was told it would be investigated and I would be notified by mail. Later //2021 I received a letter informing me that "" this account was reported as deleted for   ''. I checked my report 30 days later and it was still there. I have tried for several months to get this removed form my account. This process has cause me to lose out on property, funds and caused a lot of frustration and destress.  placed a 30 day late payment on my account and I have never been late. I bought a new car and in the process of the dealership transferring the payoff of the first cat to  financial the communication between the two were lost. I was received 2 different contracts and the financial company said they only got one. I had to prove to them that I had 2. I am in the process of  a house and this late payment is holding the process up. Because of this mistake I have lost out on many homes and funding. I need help getting this Item removed.",Experian Information Solutions Inc.,AL,352XX,2022-03-19 00:00:00+00:00,Closed with explanation,Yes,202,0,2022,Closed with explanation
2025-10-23 00:00:00+00:00,Credit reporting or other personal consumer reports,Credit reporting,Incorrect information on your report,Account information incorrect,"I recently reviewed my credit report and found something that really concerns me. There's an account reporting (      ) that I never authorized. I didn't open it, I didn't give permission for it to appear on my file, and I definitely didn't consent to have it reported to any credit bureau. I want to be very clear about this : at no point did I give written authorization, verifiable electronic consent, or any other form of permission for this account to be on my credit file. And its presence there has been causing ongoing damage to my financial stability and my reputation. 

LEGAL VIOLATIONS : I've researched my rights under the Fair Credit Reporting Act ( FCRA ), and what TransUnion is doing violates several sections of this federal law : FCRA Section 604 ( 15 U.S.C. 1681b ) Lack of Permissible Purpose : The law clearly states that a consumer 's credit file may only contain information obtained for a lawful permissible purpose. The inclusion of this account- and the related hard inquiries - without any documented consent constitutes a direct violation of this section. They're using and disclosing my non-public personal information without authorization. 

FCRA Section 605B ( 15 U.S.C. 1681c-2 ) Blocking Disputed Information : When a consumer submits an identity-theft report to an agency, the credit bureau must block that information within four ( 4 ) business days. I submitted a valid Police Report (  .  ) identifying the disputed account and inquiries, yet TransUnion continues to report them, causing ongoing harm and violating this section. 

FCRA Section 607 ( b ) ( 15 U.S.C. 1681e ( b ) ) Maximum Possible Accuracy : TransUnion has failed to maintain only accurate, verifiable, and complete information. The absence of valid supporting documentation from either the furnisher or the bureau shows that this legal standard has not been met. 

PERSONAL IMPACT : This isn't just a technical problem on paper - this is affecting my real life in very concrete ways : I've been denied legitimate credit applications because of this unauthorized account. When I do manage to get approved for something, I'm charged significantly higher interest rates than I should be paying. I was denied an apartment I was trying to rent. It was embarrassing having to explain to the landlord that my credit was bad because of something that isn't even mine. It was stressful looking for another place and facing the same problem over and over. My insurance premiums increased due to credit-based pricing. I'm literally paying more money every month because of something I didn't do. 

This ongoing situation has caused me real financial pressure. I wake up worried about this. It's frustrating and causes anxiety knowing that I'm being punished for something that violated my rights from the beginning. It affects my daily life in ways it shouldn't.","TRANSUNION INTERMEDIATE HOLDINGS, INC.",TX,75701,2025-10-23 00:00:00+00:00,Closed with explanation,Yes,475,0,2025,Closed with explanation
2018-01-30 00:00:00+00:00,"Credit reporting, credit repair services, or other personal consumer reports",Credit repair services,Confusing or misleading advertising or marketing,Not applicable," // is the last reported on this account on my credit report. 

This is misleading the account was closed years ago PAID IN FULL. 

// I was informed my account was closed and no longer available. There had been no activity on my account for several years they closed it. 

Why is it still being reported on my credit report after years. I don't owe them anything ...?","CITIBANK, N.A.",OR,97030,2018-01-30 00:00:00+00:00,Closed with explanation,Yes,68,0,2018,Closed with explanation
2025-07-17 00:00:00+00:00,Credit reporting or other personal consumer reports,Other personal consumer report,Incorrect information on your report,Information belongs to someone else,"I am filing this complaint because TransUnion is reporting inaccurate and unverifiable information on my credit report. On  , I identified several accounts that I believe are either outdated, not mine, or can not be verified under the Fair Credit Reporting Act ( FCRA ). 

                          Incorrect Personal  - Incorrect Personal    Incorrect Personal I submitted a formal dispute to TransUnion requesting that these accounts be fully investigated and removed if not verified with proper documentation. However, I did not receive a meaningful investigation or verification, and the inaccurate information remains on my report.

I am requesting the CFPB 's assistance to ensure TransUnion complies with federal law, specifically sections 1681i ( reinvestigation of disputed information ) and 1681b ( permissible purpose ). My goal is to have any unverifiable, inaccurate, or unauthorized accounts permanently deleted from my file.","TRANSUNION INTERMEDIATE HOLDINGS, INC.",OH,43206,2025-07-17 00:00:00+00:00,Closed with non-monetary relief,Yes,137,0,2025,Closed with explanation
2024-01-02 00:00:00+00:00,Credit reporting or other personal consumer reports,Credit reporting,Problem with a company's investigation into an existing problem,Difficulty submitting a dispute or getting information about a dispute over the phone,"Self Inc., has charged me an annual fee ( which is not an issue ), the issue is that they did not notify me of the annual fee in no manner. I double checked my email, app notifcations, and my paper mail and Self has not till date sent me any notifications. Because of this now I have a late payment being reported to the credit bureaus. This annual fee should not be reported as late because I was not notified of the annual fee.",Other,PA,19134,2024-01-02 00:00:00+00:00,Closed with explanation,Yes,85,0,2024,UNKNOWN
2024-06-15 00:00:00+00:00,Credit card,General-purpose credit card or charge card,Getting a credit card,Card opened without my consent or knowledge,"On //year>. I recieved a new credit card from care credit despite I didn't apply for that. 
Ofcourse, it impacted my score hardly, in mean while I need it these days.",SYNCHRONY FINANCIAL,TN,37167,2024-06-15 00:00:00+00:00,Closed with non-monetary relief,Yes,31,0,2024,UNKNOWN
2025-07-15 00:00:00+00:00,Credit reporting or other personal consumer reports,Credit reporting,Incorrect information on your report,Information belongs to someone else,My privacy has been compromised by the presence of an unauthorized hard inquiry on my credit report. I never granted permission for this entity to access my financial information.,Experian Information Solutions Inc.,FL,34744,2025-07-15 00:00:00+00:00,Closed with explanation,Yes,29,0,2025,UNKNOWN
2024-03-24 00:00:00+00:00,Debt collection,I do not know,Attempts to collect debt not owed,Debt is not yours,"Subject : Formal Complaint Against Midland Credit Management Inc. for Alleged Violations of the FDCPA and Consumer Rights Dear Sir/Madam, I am writing to file a formal complaint against Midland Credit Management Inc. for multiple alleged violations of the Fair Debt Collection Practices Act ( FDCPA ) and infringement of my consumer rights. I believe that I have been subjected to unfair and deceptive debt collection practices by this company, as outlined below : 1. Misrepresentation of Debt Status : Midland Credit Management Inc. has misrepresented the status of my debt, engaging in misleading communication strategies during the collection process, which I believe is designed to coerce or confuse me as a debtor. 

2. Failure to Provide Required Notices : The company failed to provide the mini-Miranda notice in its communications, which is a fundamental requirement that informs the consumer the communication is from a debt collector. 

3. Threats of Legal Action : I have been subjected to threats of legal action, specifically referenced to [        ], for which the debt collector does not possess the present right or intention to initiate, violating the prohibitions against threatening legal actions that can not or will not be taken. 

4. Inaccurate Reporting and Improper Use of Reports : Midland Credit Management Inc. has attempted to collect a debt I do not owe, threatened legal actions under false pretenses, inaccurately reported this debt to credit agencies, and improperly used such reports, which constitutes a severe violation of my rights under consumer protection laws. 

5. Misleading Debt Collection Attempts : The entity has consistently misled me about my rights and the nature of the debt collection attempts, thus creating a misinformed and intimidating environment. 

6. Publishing Consumer Information : Midland Credit Management Inc. has unlawfully published my personal information, aside from reporting to consumer credit agencies, after I refused payment, directly contravening the FDCPA 's stipulations. 

7. Deceptive Practices in Debt Collection : The company has engaged in deceptive practices aimed at collecting the alleged debt, displaying a pattern of unethical and illegal conduct. 

These allegations represent a pattern of potentially illegal and unethical behavior by Midland Credit Management Inc. in its debt collection efforts. I believe these actions not only violate the FDCPA but also infringe upon my rights as outlined in the Consumer Bill of Rights. These rights include being informed and protected against fraudulent, deceitful, or misleading practices and having my interests and complaints adequately heard and considered. 

Given the severity of these allegations and the potential impact on my financial and personal wellbeing, I urge the Consumer Financial Protection Bureau to take immediate action to investigate these claims and hold Midland Credit Management Inc. accountable for any proven misconduct. I am prepared to provide further documentation and details as required. 

Thank you for your attention to this matter. I look forward to your prompt response and action to protect my rights and those of other consumers.",ENCORE CAPITAL GROUP INC.,MI,48219,2024-03-24 00:00:00+00:00,Closed with explanation,Yes,486,0,2024,UNKNOWN
2023-10-29 00:00:00+00:00,Credit reporting or other personal consumer reports,Credit reporting,Problem with a company's investigation into an existing problem,Their investigation did not fix an error on your report,"My credit repair specialist has sent in multiple documents to Experian, , and  as they continue to violate my FCRA rights in many ways over the past year! I've gone through CFPB and The   . They have refused to remove the fraudulent and inaccurate items off of my credit report. My only other option will be to contact the Attorney General 's office and the CEO of Experian,  and  about their unethical practices at their companies. On //, there was a CFPB complaint sent in. This case was closed, with the fraudulent items STILL on my report! And here I am 1 year later, still fighting for my rights. I filed with the CFPB again on //. This is my last time doing this and I will sue all 3 companies. Everything that I have ever filed will be attached to this complaint for proof. Additionally, there have been new things added to my credit report that do not belong to me. What will it take for the credit bureaus to stop allowing false accounts to be added to my report?! 

Personal Information needs to be updated : Name :   ( no middle name or initial ) THIS IS THE ONLY NAME THAT SHOULD SHOW Address :    , Virginia,  ( THIS IS THE ONLY ADDRESS THAT SHOULD SHOW ) Accounts that are STILL reporting, that need to be deleted :                                                                             -                                                   ",Experian Information Solutions Inc.,VA,201XX,2023-10-29 00:00:00+00:00,Closed with explanation,Yes,231,0,2023,Closed with explanation
2025-03-15 00:00:00+00:00,Credit reporting or other personal consumer reports,Credit reporting,Incorrect information on your report,Account information incorrect,my       not updating my balances and payments accurately or at all to the  credit card bureau,Experian Information Solutions Inc.,NY,106XX,2025-03-15 00:00:00+00:00,Closed with explanation,Yes,16,0,2025,Closed with explanation
2022-02-25 00:00:00+00:00,Debt collection,Medical debt,Communication tactics,Called before 8am or after 9pm,National Recovery Agency @  on Friday // sent a series of text messages to my phone stating that I owe a debt. This is clear violation of the FDCPA where they are not allowed to call/text anyone before  and  to attempt to collect a debt.,Other,PA,17111,2022-02-25 00:00:00+00:00,Closed with explanation,Yes,45,0,2022,Closed with explanation
2026-03-03 00:00:00+00:00,Prepaid card,Payroll card,Unexpected or other fees,Not applicable,"Company Name : Money Network  : Prepaid payroll card Issue : Fraud / Unauthorized transactions/ Failure to provide provisional credit I am filing this complaint regarding repeated unauthorized transactions on my payroll card issued by Money Network. I receive my earned wages through this prepaid payroll card as part of my employment with  . Over the past  years, I have experienced at least  separate fraud incidents requiring card replacement. Each time, unauthorized transactions were clearly out of state or international. Most recently, my account was charged for international transactions in , including cross-border assessment fees and currency conversion fees. I reported these unauthorized transactions either the same day or the next day, as I always do. Despite my prompt reporting, Money Network does NOT issue provisional credit while investigating. Instead : They require me to wait for a dispute form to be mailed to my home I must complete and return that form before the investigation proceeds The process can take up to   or longer During that time, I am deprived of access to my earned wages Under the Electronic Fund Transfer Act ( 15 U.S.C. 1693 ) and Regulation E ( 12 C.F.R. 1005.11 ), when unauthorized electronic fund transfers are reported promptly, the financial institution is required to either : . Complete its investigation within  business days, OR . Provide provisional credit while the investigation continues ( up to   total  Money Network has informed me that they do not provide provisional credit during the review process. This forces me to go without access to money I earned while they investigate fraud that is clearly unauthorized. This has caused significant hardship, especially when bills are due during the investigation period. This has happened multiple times over the past  years. I am requesting that the CFPB review whether Money Network is complying with Regulation E requirements for : Timely investigation Issuance of provisional credit Proper error resolution procedures Payroll card consumer protections I am also requesting written clarification from the company regarding : The date investigations officially begin Why provisional credit is not issued Their Regulation E error resolution policy I have attached screenshots of the unauthorized international charges and related fees. I am seeking : Confirmation that Regulation E procedures are being properly followed Assurance that provisional credit will be issued within required timelines Correction of any compliance failures This is a repeated systemic issue. Simply replacing cards does not address the root cause. My wages are repeatedly exposed to fraud and I am deprived of access to earned income during investigations. The companys process shifts the financial burden and timing risk to me instead of protecting wage earners.",Other,GA,30043,2026-03-03 00:00:00+00:00,Closed with explanation,Yes,440,0,2026,Closed with explanation
2025-08-18 00:00:00+00:00,Credit reporting or other personal consumer reports,Credit reporting,Improper use of your report,Reporting company used your report improperly,"I am filing this complaint because my TransUnion credit report contains multiple errors that are causing serious damage to my financial life. The report shows an address,      , TN, that I have never lived at. This address has no connection to me, and yet it appears in my file. Having an inaccurate address tied to my credit raises the risk of identity theft and makes it seem as though I have lived in places and been connected to responsibilities that were never mine. It is deeply unfair that my credit history is being linked to false information that can mislead lenders and harm my credibility. 

In addition to the address issue, my report lists a charged-off account with      opened on //, with a balance of {$420.00}. This entry is inaccurate and unverifiable. I have not been provided with any original contract, payment history, or documentation proving this debt is valid. The way it is being reported makes it appear as if I am still responsible for this account, when in fact no proof has been provided. The law requires that such information be verified with actual documentation, but instead, I am being punished with a negative account that lowers my score and damages my reputation. 

There is also an account being reported as TN   with a balance of {$12000.00}, opened on //, that is completely misrepresented. The way this account is showing is false and harmful. TransUnion has not provided any official court order or state record validating this balance or proving that I am delinquent. The way it is reported portrays me as someone who has failed to meet essential family obligations, which is completely untrue and extremely damaging to both my reputation and financial future. 

My report also shows a collection account from   , opened on //, with a balance of {$380.00}. I have never received any validation notice or proper proof from  regarding this debt. Without a signed agreement or account history from the original creditor, this entry is unverifiable. Yet, TransUnion continues to report it as if it were valid, which is an unlawful and unfair practice. 

Finally, my credit file shows several unauthorized hard inquiries that I did not approve. These include  on //,   //,    //, and    //. I never applied for credit with these companies, and I never gave consent for my credit file to be accessed. Each of these inquiries creates the false impression that I am desperately applying for credit, which is not true. Every unauthorized inquiry lowers my score and damages my credibility with future lenders, and TransUnion has failed to ensure that these inquiries were legitimate before including them in my report. 

All of these errors combined are creating major barriers in my life. I am being unfairly portrayed as financially irresponsible when in reality, these accounts and inquiries are inaccurate, unverifiable, and in some cases completely false. These mistakes are hurting my ability to qualify for fair housing, affordable auto loans, and even basic financial opportunities that depend on creditworthiness. I have the legal right to an accurate report, but instead, I am facing harm because TransUnion has not maintained the maximum possible accuracy as required under federal law. I am asking the CFPB to step in and ensure that my rights are protected, that TransUnion is held accountable, and that these false and harmful entries are removed from my report.","TRANSUNION INTERMEDIATE HOLDINGS, INC.",TN,38128,2025-08-18 00:00:00+00:00,Closed with explanation,Yes,562,0,2025,Closed with explanation
2022-04-16 00:00:00+00:00,"Credit reporting, credit repair services, or other personal consumer reports",Credit reporting,Incorrect information on your report,Information belongs to someone else,"This is   , who is submitting this CFPB complaint myself, and to inform you that there is no third party involved in the process. Regardless of the multiple written requests, the unverified items listed below are still reporting on my credit report in violation of federal law. The /TransUnion/  Credit Bureau failed to comply with the Fair Credit Reporting Act, 15 USC sections 1681i within the time declared by law and continued reporting of unconfirmed information which now, given all my attempts to address it directly with the creditor, as willful negligence and non-compliance with federal statutes. Please remove the following itemscompletely from my Credit Reports :      , FL  //       FL  // ;    ( Original Creditor :      )  Balance : {$190.00} ;  ( Original Creditor :    )  Balance : {$60.00} ;     , FL      , FL     SXXXX  , FL       , FL     ( Original Creditor :     )  Balance : {$1400.00} ;    ( Original Creditor         )  Balance  {$190.00} ;  ( Original Creditor :    )  Balance : {$60.00}","TRANSUNION INTERMEDIATE HOLDINGS, INC.",FL,34771,2022-04-16 00:00:00+00:00,Closed with non-monetary relief,Yes,164,0,2022,UNKNOWN
2025-10-27 00:00:00+00:00,"Money transfer, virtual currency, or money service",International money transfer,Other transaction problem,Not applicable,"This is regarding a resolution regarding my international wire transfer initiated on //year>, in the amount of {$120000.00} USD, plus {$45.00} in transfer fees, sent from my Citibank account to my  XXXXk account in . 

According to Citibank representatives, the funds were returned by Citibank . I specified the reason for the transfer as Other to purchase a house as the purpose at the time of the transaction. 

Despite this, the funds were not credited to my  account as expected on //year>. I contacted Citibank multiple times beginning //year>, and was advised that the funds had been returned and that I would receive the full amount on //year>. However, on that date, I was informed the matter was still under investigation. 

On visiting the branch, Citibank credited only {$110000.00} USD, which is {$5200.00} less than the original amount sent ( excluding the {$45.00} transfer fee ).","CITIBANK, N.A.",NY,10031,2025-10-27 00:00:00+00:00,Closed with monetary relief,Yes,146,0,2025,UNKNOWN
2024-09-18 00:00:00+00:00,Checking or savings account,Checking account,Managing an account,Deposits and withdrawals,My   died a few weeks ago and I received a check from Capital One as the  on her account. I received a check made out to myself from Capital One and I deposited this check directly into my Capital One 360 checking account because when I checked to see what the deposit policy was it stated that based on the type of check and type of checking account I have that the funds would be available the next day. However after taking a photo of the check and submitting it the app showed that it would not be available until //23. This makes no sense whatsoever because I could have taken the check to a local Capital One and cashed it and then deposited into my Capital One account or taken it to one of my other financial institutions and deposited the cash. I received an email from Capital One stating that they have reason to believe that the funds will not clear and its their own check for funds that they owed to me. I spoke with a supervisor who advised that they couldnt release the funds and I also couldnt close my account with the deposit pending. This is a horrible way to treat people who are grieving and a horrible first impression to make with a new customer. I only opened this account because of how wonderful the local branch was with helping deal with my deceased mothers account.,CAPITAL ONE FINANCIAL CORPORATION,LA,70816,2024-09-18 00:00:00+00:00,Closed with explanation,Yes,242,0,2024,UNKNOWN
2025-04-27 00:00:00+00:00,Checking or savings account,Other banking product or service,Managing an account,Problem accessing account,"Since a couple of weeks ago, Ive noticed that my online account with MACU ( Mountain America Credit Union ) is locked out, so Im not able to access or see my accounts ( Checking, Savings, CDs, a credit card, and daughters minor accounts ) or my monthly statements.

I have contacted MACU on //year> and on //year> by phone, only to be told that the  is unable to unlock my account and that someone will be getting back to me within  business hours ( I.e., within  weeks, as a workday is  business hours ) regarding this issue. I have also contacted MACU via online form, by e-mailing the person at MACU who originally worked with me to set up my accounts, as well as via . All to no avail. As of today, //year> evening, no one has contacted me about this issue as of yet.",Other,CA,94577,2025-04-27 00:00:00+00:00,Closed with non-monetary relief,Yes,147,0,2025,Untimely response
2020-08-26 00:00:00+00:00,"Money transfer, virtual currency, or money service",Virtual currency,Other transaction problem,Not applicable,"Weve had the most horrific experience anybody could ever imagine.  Im  years old, my mother is , and my father is . On average ... we put {$100.00} - {$200.00} every week for 8 Years into our COINBASE Bitcoin account .... Then one recent evening in the middle of the night .... {$110000.00} worth of Bitcoin was hacked in minutes out of our Coinbase account!!! COINBASE has tens of Billions of dollars & their -year-old billionaire CEO   ... basically all laughed about it & said Yes we have a great secure website, yes we have billions of dollars, yes we are the Custodian of your account, ... but guess what? 
Sorry about your luck ... .Due to all the small print about Bitcoin in  Coinbase , we have Zero liability & sorry ... we cant help you REALLY????? Imagine waking up and all of your money is gone at your bank or your stockbroker and they told you sorry about your luck, youre not covered and were not gon na do anything about it Well, My mom had a  , I had a  , + the   event caused  & my    and will never grow back to where it was. Im trying my best to find a bulldog pitbull type Attorney as this case is approx {$200000.00}!! I drop in the bucket to them and they wont even respond to us 3 Senior Citizens. It was 90 % of ALL of our money!! They sign up millions of people a day around the world and take their money to invest in Bitcoin & other cryptocurrency ... yet nobody knows theres ZERO coverage & liability by COINBASE!!! ITS ABSOLUTELY CRAZZZY that this could be legal!!! They gave me some silly Im sorry excuse that theres a new thing called Coinbase Pro & its hard to hack Bitcoin from there ... but Ive been in for 8 years and I wouldnt have known anything about it since its a rather new thing ( Coinbase Pro ) Our response was ... why dont you have a department protecting people with big money in their account that doesnt know anything about COINBASE Pro??? The security employee said ... .thats a great question. I also then asked, How can somebody withdraw {$100000.00} and no bells or whistles go off??? regardless its a hack or whatever it is? He then said .... Thats another great question REALLY???? 
This is mind-boggling & beyond anyones imagination that Coinbase can simply say Sorry we cant help you & your money is gone forever & we have no liability as your Custodian & account Administrator Someone please please help us file a MAJOR LAWSUIT against these Billionaire Monsters!!!! PLEASE!! We cant even sleep or eat properly. This is torture & we were left in the complete dark by COINBASE & they have committed FINANCIAL NEGLIGENCE & FAILED TO SECURE OUR MONEY!! Its all we had & they have Billions $ $!!! And they can laugh at us & say Sorry?? TELL ME ITS NOT POSSIBLE!!! We pray for serious help 24-7. My  &  year old parents cant live much longer with this stress. If one of them dies .... this will get super ugly. 

Sincerely, , ,     ( my cell # )",Other,MI,48603,2020-08-31 00:00:00+00:00,Closed with explanation,Yes,541,5,2020,Closed with explanation
2021-08-13 00:00:00+00:00,"Credit reporting, credit repair services, or other personal consumer reports",Credit reporting,Incorrect information on your report,Information belongs to someone else,"My name is  . I have notice in accurate items on my credit profile. These are results from identity theft. My Car was stolen back in  and ever since getting my whole life back in order has how its been. TransUnion didnt submit any documents providing proof I Signed any type documents if agreement to any loan. Therefore all these accounts associated with the name of US Dept Of US is unauthorized and not veritable. These accounts had a date of   with the balance of  $ From Us Dept of ED and balance of  $ from . Another one   balance  $ From Us Dept of ED and balance of  $ from . The last ones on   balance  $ From Us Dept of ED and balance of  $ from . These are not mine accounts and I dont have any other solution at this point, I am NOT working with a third party organization. I have enclosed several documents verifying my identity and some facts from the fair credit reporting act for the blocking off all inaccurate items. 

.","TRANSUNION INTERMEDIATE HOLDINGS, INC.",PA,19146,2021-08-13 00:00:00+00:00,Closed with explanation,Yes,178,0,2021,Closed with explanation
2023-10-08 00:00:00+00:00,Credit reporting or other personal consumer reports,Credit reporting,Incorrect information on your report,Information belongs to someone else,"In accordance with the Fair Credit Reporting act. The List of accounts below has violated my federally protected consumer rights to privacy and confidentiality under 15 USC 1681. 

Account name :     , Account name :   # , Account name : TRANSUNION CREDIT BUREAU ; has violated my rights. 

15 U.S.C 1681 section 602 A. States I have the right to privacy.

15 U.S.C 1681 Section 604 A Section 2 : It also states a consumer reporting agency can not furnish a account without my written instructions 15 U.S.C 1681c. ( a ) ( 5 ) Section States : no consumer reporting agency may make any consumer report containing any of the following items of information Any other adverse item of information, other than records of convictions of crimes which antedates the report by more than seven years.

15 U.S.C. 1681s-2 ( A ) ( 1 ) A person shall not furnish any information relating to a consumer to any consumer reporting agency if the person knows or has reasonable cause to believe that the information is inaccurate.

I HAVE NEVER GAVE TRANSUNION PERMISSION TO FURNISH OR PUBLISH ANY ACCIUNT INFORMATION RELATED TO THESE COMPANIES. I HAVE CONTACTED TRANSUNION VIA CERIFIED MAIL AND PHONE AND INSTRUCTED THEM TO BLOCK OUT FRAUD ITEMS AND THEY REFUSED. I CONTACTED THEM AND ASKED THEM TO PLEASE NOT ALLOW ANY OF THE ABOVE MENTIONED COMPAINES TO BE ABLE TO FURNISH ACCOUNTS ON CREDIT FILE OR HAVE ACCESS TO MY INFORMATION AND TRANSUNION VIOLATED MY RIGHTS AND ALLOWED THESE COMPAINES INTO MY PERSONAL CREDIT FILE","TRANSUNION INTERMEDIATE HOLDINGS, INC.",TX,77057,2023-10-08 00:00:00+00:00,Closed with non-monetary relief,Yes,259,0,2023,Closed with explanation
2019-01-30 00:00:00+00:00,"Credit reporting, credit repair services, or other personal consumer reports",Credit reporting,Incorrect information on your report,Information belongs to someone else,"Three inquiries were made on my credit report. None of which were me. See below for details. I spoke to all three in //2018.  and  submitted retractions and the inquiries were removed from , but still remain elsewhere.  stated they dont keep a record of inquiries and said they would send a letter. They never did. I called today and they suggested this site. I need all three removed from my credit report across the board ASAP. 

/ //2018     , TX  (  )  /  //2018    , FL  (  )   //2018        , WA  Thank you.","EQUIFAX, INC.",NJ,08053,2019-01-30 00:00:00+00:00,Closed with non-monetary relief,Yes,94,0,2019,UNKNOWN
2020-08-03 00:00:00+00:00,Mortgage,Conventional home mortgage,Closing on a mortgage,Not applicable," I received a text message from my loan officer stating we were getting ready to lock the interest rate for a   close. 
 received loan docs with estimated closing costs at {$13.00},   close scheduled forXX//20 and paid for appraisal  text massage from loan officer agreeing to meet preferred lender within {$600.00} - requested updated estimate for loan officer  received text message form loan officer stating our rate was locked at 3.5 % with a monthly pmt of {$3200.00} +- closing disclosure cash to close {$54000.00}  received confirmation of loan approval from loan officer with approval to resign  received a call from lenser stating ""   '' is requesting a lock extension with a cost of {$2500.00} - however, we did not break lock  received updated loan disclosure with cash to close {$57000.00} after  alone approval and final loan disclosure - text message from loan officer "" they are re-balancing and everything should be correct now - when I questioned this further, I received a text massage stating this was a change of circumstance - we never signed a change of circumstance with another text from loan officer stating "" your old amount should be correct as we are just adding {$2500.00}  we wired {$57000.00} to title to close  arrived at closing appointment and was instructed to wire an additional {$560.00} adding {$960.00} to the original amount to close and exceeding the original agreed upon amount by more than {$2000.00}  received text from loan officer stating I was charged twice for the appraisal in error ( however I was not )  received text from loan officer stating he was '' fixing the {$2500.00} ) and that I was credited back for the appraisal - I was never credited back for the appraisal and that Title would write me a check for the overpayment. Also that I would receive a refund from the appraisal company for {$370.00}  F/U with loan officer about overpayment and status of refund of minimum {$960.00}  questioned rate lock extension by   - loan officer states he requested final loan docs form Title  again questioned rate lock extension, as we didn't break lock ( initially told by  ) - response from loan officer "" Amerifirst was requiring the lock extension because they would not be able to sell the loan until you had at least one paycheck. That is a requirement no matter who is servicing the loan. We may have underwritten with   but they must not have bought it. As far as the difference, did you take into account the potion of the appraisal that was credited back to you '' my response "" I have not received a credit ''. Again, I received a text that the loan officer would look into it. then another text from loan officer "" now that I am remembering ... .you should have received credit for the entire appraisal ''  informed loan officer I am requesting a full loan audit as to date I have not received any clarity concerning my loan I can provide copies of all text messages",Other,CO,800XX,2020-08-03 00:00:00+00:00,Closed with monetary relief,Yes,507,0,2020,UNKNOWN
2017-09-12 00:00:00+00:00,"Credit reporting, credit repair services, or other personal consumer reports",Credit reporting,Improper use of your report,Credit inquiries on your report that you don't recognize,"I called Equifax on   stating that I have inquires on my report that I did not recognize. I informed them that I had contacted    ,   ,  , ,  , and  by phone and by mail in regards to unauthorized inquires. I received no validation from said companies that I authorized my report to be viewed. Equifax refuses to investigate even after I have done my part as the consumer.","EQUIFAX, INC.",SC,29730,2017-09-12 00:00:00+00:00,Closed with explanation,Yes,69,0,2017,UNKNOWN
2023-03-28 00:00:00+00:00,"Credit reporting, credit repair services, or other personal consumer reports",Credit reporting,Problem with a credit reporting company's investigation into an existing problem,Their investigation did not fix an error on your report,"This is the second time I've updated this questionable information by sending a letter to the three credit bureaus. I believe you have violated Sections 609 ( a ) ( 1 ) ( A ) and 611 ( a ) ( 1 ) ( A ) by failing to verify these items, and I will take legal action against you as a result. This was previously mentioned in my previous COMPLAINT #, and I'm including it once more. 
                                                                                                                                                ","TRANSUNION INTERMEDIATE HOLDINGS, INC.",KY,42420,2023-03-28 00:00:00+00:00,Closed with non-monetary relief,Yes,78,0,2023,UNKNOWN
2016-01-11 00:00:00+00:00,Mortgage,Conventional adjustable mortgage (ARM),"Loan servicing, payments, escrow account",Not applicable,"This letter is to inform you I have filed a formal compliant against OCWEN, LLC Servicing center with the Attorney General Office in /as well with the Department of Justice for suspending my ability to make my mortgage payments via online or over the phone due to their negligence. 

As of // have I remained current on my payments and have provided proof of payment and OCWEN has continued to block me for the past 45 days disabling my account with the intent to sabotage my credit and to accrue late fees and are demanding that I only make payments by   or certified funds for the next six months. 

I would like for OWCEN to suspend all phones calls and only contact me via email  or mail        regarding my account. I do not wish to receive any phone calls.",Other,DC,20001,2016-01-11 00:00:00+00:00,Closed with explanation,Yes,139,0,2016,UNKNOWN
2025-12-08 00:00:00+00:00,Credit reporting or other personal consumer reports,Credit reporting,Improper use of your report,Reporting company used your report improperly,"I am here to report several inaccurate and fraudulent items that recently appeared in my credit report. There has been a breach and compromise of my personal information, unauthorized accounts, and negative entries that have appeared on my credit report. I did not open these accounts, authorize them, or give any permissible purpose for these inquiries. Here are the accounts listed below with the dates attached. 

Dept of edXXXX // - {$1400.00} Dept of ed/ // - {$3800.00} Dept of ed/ // - {$4800.00} Dept of ed/ // - {$2400.00}   Bank  // - {$5400.00}   Bank  // - {$6800.00}    // - {$540.00} Dept of Defense // - {$600.00}     // - {$350.00}   //  {$450.00}","TRANSUNION INTERMEDIATE HOLDINGS, INC.",NY,109XX,2025-12-08 00:00:00+00:00,Closed with non-monetary relief,Yes,112,0,2025,Closed with explanation
2023-03-28 00:00:00+00:00,"Credit reporting, credit repair services, or other personal consumer reports",Credit reporting,Problem with a credit reporting company's investigation into an existing problem,Their investigation did not fix an error on your report,"I submitted a letter to the  Credit Bureaus to fix these erroneous items. I think you have not validated these items in accordance with Sections 609 ( a ) ( 1 ) ( A ) and 611 ( a ) ( 1 ) ( A ), and I will pursue legal action against them. These were already included in my prior complaint and I'm including them again. 

                                      //","TRANSUNION INTERMEDIATE HOLDINGS, INC.",FL,33196,2023-03-28 00:00:00+00:00,Closed with non-monetary relief,Yes,68,0,2023,Untimely response
2024-11-10 00:00:00+00:00,Credit reporting or other personal consumer reports,Credit reporting,Improper use of your report,Reporting company used your report improperly,"The List of accounts below has violated my federally protected consumer rights to privacy and confidentiality under 15 USC 1681 :                    DEPTEDXXXX  DEPTEDXXXX  DEPTEDXXXX  DEPTEDXXXX  DEPTEDXXXX  DEPTEDXXXX  DEPTEDXXXX  DEPTEDXXXX  I looked at my Transunion credit report on //year> and noticed some things are incomplete and not accurate. And according to the fair credit reporting act Whenever a consumer reporting agency prepares a consumer report it shall follow reasonable procedures to assure maximum possible accuracy of the information concerning the individual about whom the report relates according to 15 USC 1681 ( e ) ( b ). 

And according to 15 USC 1681 5 they are suppose to do this ( 5 ) Treatment of inaccurate or unverifiable information ( A ) In generally, after any reinvestigation under paragraph ( 1 ) of any information disputed by a consumer, an item of the information is found to be inaccurate or incomplete or can not be verified, the consumer reporting agency shall ( i ) promptly delete that item of information from the file of the consumer, or modify that item of information, as appropriate, based on the results of the reinvestigation; and ( ii ) promptly notify the furnisher of that information that the information has been modified or deleted from the file of the consumer.

And according to 15 USC 1681s-2 they are suppose to not furnish any information relating to a consumer to any consumer reporting agency if the person knows or has reasonable cause to believe that the information is inaccurate.","TRANSUNION INTERMEDIATE HOLDINGS, INC.",FL,XXXXX,2024-11-10 00:00:00+00:00,Closed with non-monetary relief,Yes,253,0,2024,Closed with explanation
2016-03-24 00:00:00+00:00,Debt collection,Medical,Cont'd attempts collect debt not owed,Debt is not mine,I do not owe this debt. This debt belongs to my father. He was born in . I was born in . We basically have the same name except I am the  ( or  ). Please remove this debt from my credit report and delete it from all credit reporting bureaus. I did not originate this debt,Other,CA,XXXXX,2016-03-24 00:00:00+00:00,Closed with explanation,Yes,57,0,2016,Closed with non-monetary relief
2022-10-13 00:00:00+00:00,Vehicle loan or lease,Loan,Managing the loan or lease,Billing problem,"The company is violating my privacy by reporting late payments to the credit bureaus. In  I submitted a complaint to the company about the vehicle, I have drove this vehicle a handful of times. The transmission went 3 times and then the engine. I no longer have their vehicle as it was junked. I never signed MY SIGNATURE on any documents! I have tried to contact the company several times to remove any late payments and lower the amount but instead the only care about adding on fees and charging more money on to the loan. A car that was worth  is now up to . During  the CARES ACT was provided no company was to report or add on to bills and this company was still adding on late fees and reporting late payments to the credit bureaus when I was not even working and sick. Ive tried to come to SEVERAL AGREEMENTS with the company and so they care about is the vehicle! Im ready to take legal action now because now this has been over 6 years and still adding interest and I have been trying to make payments and yet they do NOTHING to work with people!!!!! I will no longer pay and I will have my attorney fix it unless they are willing to send in to the credit bureaus a letter to fix late payments!!!",Other,RI,02891,2022-10-13 00:00:00+00:00,Closed with explanation,Yes,231,0,2022,UNKNOWN
2025-12-01 00:00:00+00:00,Debt collection,Credit card debt,Written notification about debt,Didn't receive notice of right to dispute,Harassing calls threats towards me to pay calling all hours and multiple times a day.,Resurgent Capital Services L.P.,FL,325XX,2025-12-01 00:00:00+00:00,Closed with non-monetary relief,Yes,15,0,2025,UNKNOWN
2025-09-05 00:00:00+00:00,Credit reporting or other personal consumer reports,Credit reporting,Improper use of your report,Reporting company used your report improperly,"In accordance with the fair credit Reporting act  Account # , has violated my rights.

15 USC 1681 Section 602 States I have the right to privacy.

15 USC 1681 Section 604 A Section 2 : It also states a consumer reporting agency can not furnish a account without my written instructions.

15 USC 1666B : A creditor may not treat a payment on a credit card account under an open end consumer credit plan as late for and purpose.

How Do You Dispute an naccurately. 
Repo # creditrepairservices",Other,FL,338XX,2025-09-05 00:00:00+00:00,Closed with explanation,Yes,89,0,2025,UNKNOWN
2023-03-22 00:00:00+00:00,"Credit reporting, credit repair services, or other personal consumer reports",Credit reporting,Improper use of your report,Reporting company used your report improperly,", Transunion, and  have been and are in constant violation of the United States Codes that cover "" Accuracy and Fairness of Credit Reporting. '' For my current and open account   Account,  has violated my right to privacy, reporting my private information regarding my open accounts payments. This is not a closed account. Yet According to 15 U.S. Code 1681 it states "" 4 ) There is a need to insure that consumer reporting agencies exercise their grave responsibilities with fairness, impartiality, and a respect for the consumers right to privacy. '' I do not consent in any way for my private status of my open and current account ( s ) under this account to be reported to , , or Transunion Credit Bureaus. According to this United States Code, my right to privacy has been and is continuously being violated, with reporting my late payments in my credit report, which have not only affected my ability to qualify for proper mortgage loans while serving in   military status currently, but being able to properly qualifying for appropriate car loans, with a fair reporting credit score due to deficiencies reported like such. 

As for the    account listed as a closed account on my  Credit Report, Transunion Credit Report, and my   Credit Report, I am demanding that this account be removed from all credit bureaus including but not limited to , , and Transunion, as it violates my right to privacy posting late payments within this account, and also posts the account as a charge off. A charged off account, can not be considered a "" late payment. ''","TRANSUNION INTERMEDIATE HOLDINGS, INC.",NY,11207,2023-03-22 00:00:00+00:00,Closed with non-monetary relief,Yes,268,0,2023,UNKNOWN
2023-09-25 00:00:00+00:00,Credit reporting or other personal consumer reports,Credit reporting,Improper use of your report,Reporting company used your report improperly,"I was in the process of applying for new employment and it was brought to my attention that there is some inaccurate information reporting on my credit report.I received a copy of my credit report and to my surprise I saw all these inaccurate items that are not correct. By the way I hope that this does not hinder my ability to obtain employment due to this inaccurate information showing. I was advised by a legal friend of mine that under 15 US Code 1681a section 603 ( k ) ( b ) ( ii ) can be considered an adverse action. 



Therefore I want the following accounts to be updated to the correct amount, date, status, open and closed date, last date of activity and time. 

If you can not complete this request, please delete the accounts immediately. I have provided an exhibit of evidence showing the inaccuracies of my reports. 

Please investigate if every piece of information is correct. If not, please remove it from my credit report. 



 there is some inaccurate information reporting. 
  Account  :  Delete this account. 

 there is some inaccurate information reporting. 
    Account Number :  Please remove it from my credit report. 

3. 15 U.S. CODE 1692G - VALIDATION OF DEBTS    Account Number :  Please remove it from my credit report. 

 there is some inaccurate information reporting. 
 Account Number :  Delete this account. 

5. 15 U.S. Code 1681i - Procedure in case of disputed accuracy   Account Number :  Delete From My CREDIT REPORT  there is some inaccurate information reporting. 
  Account Number :  Delete this account. 

7. 15 US-CODE 1692E FALSE OR MISLEADING REPESENTATIONS-10  Account Number :  Delete From My CREDIT REPORT 8. 15 U.S. Code 1681i - Procedure in case of disputed accuracy   Account Number :  Delete this account. 

9. 15 U.S. Code 1681i - Procedure in case of disputed accuracy    Account Number :  Delete this account. 

10. 15 US-CODE 1692E FALSE OR MISLEADING REPESENTATIONS-10   Account Number :  Delete this account. 

11. 15 US-CODE 1692E FALSE OR MISLEADING REPESENTATIONS-10  Account Number :  Delete this account. 

12. 15 US-CODE 1692E FALSE OR MISLEADING REPESENTATIONS-10    Account Number :  Delete From My CREDIT REPORT 13. 15 U.S. CODE 1692G - VALIDATION OF DEBTS   Account Number :  Please update- All New Reporting Information to- paid as agreed and current 14. 15 U.S. Code 1681i - Procedure in case of disputed accuracy  Account Number :  Delete this account. 

XXXX5. 15 U.S. Code 1681i - Procedure in case of disputed accuracy   Account Number :  Delete this account. 

. The inquiry was not authorized  Date of inquiry : // Please remove it from my credit report. 

. The inquiry was not authorized    Date of inquiry : // Please remove it from my credit report. 

. The inquiry was not authorized   Date of inquiry : // Please remove it from my credit report. 

. The following personal information is incorrect Account Number : ALSO KNOWN AS : , ,   . The inquiry was not authorized  Date of inquiry : // Delete this account.

21. 15 U.S. CODE 1681B - PERMISSIBLE PURPOSES OF CONSUMER REPORTS   Date of inquiry : // Please remove it from my credit report.","TRANSUNION INTERMEDIATE HOLDINGS, INC.",CA,90744,2023-09-25 00:00:00+00:00,Closed with non-monetary relief,Yes,523,0,2023,Closed with explanation
2023-08-30 00:00:00+00:00,Credit reporting or other personal consumer reports,Credit reporting,Problem with a company's investigation into an existing problem,Their investigation did not fix an error on your report,"This is the second time I've updated this questionable information by sending a letter to the three credit bureaus. I believe you have violated Sections 609 ( a ) ( 1 ) ( A ) and 611 ( a ) ( 1 ) ( A ) by failing to verify these items, and I will take legal action against you as a result. This was previously mentioned in my previous COMPLAINT #, and I'm including it once more. 
                                                              ","TRANSUNION INTERMEDIATE HOLDINGS, INC.",MA,02038,2023-08-30 00:00:00+00:00,Closed with non-monetary relief,Yes,78,0,2023,Untimely response
2023-10-03 00:00:00+00:00,Student loan,Federal student loan servicing,Dealing with your lender or servicer,Trouble with how payments are being handled,"To whom it may concern, On //2023 I submitted a payment of {$30000.00} to Nelnet be dispersed to all 13 of my student loans. The total amount due in student loans was {$40000.00}. It took Nelnet until //2023 to initially process my {$30000.00}. That means it took 11 days to process the funds, all the while interest on my {$40000.00} loans was accruing. When the {$30000.00} payment was processed by Nelnet and applied to my loans, Nelnet only applied {$14000.00} to the principal loan amount and {$160.00} to loan interest. This amounted to {$14000.00} of the {$30000.00} payment being used for payment of principal and interest. The remaining unused funds from my initial {$30000.00} payment amounted to {$15000.00}. 

I spoke to a Nelnet representative on the phone on //, who informed me that the remaining, unused, {$15000.00} from my payment would be refunded to me over the next two weeks. 

On //, I called Nelnet to confirm that my refund of {$15000.00} was being processed. The representative told me that there was no record of a refund request. Instead, the representative told me that there was an issue on their end with the proper allocation of my initial {$30000.00} payment. The representative told me that they contacted their accounting department and that one of their financial representatives would manually review my payment and allocate the remaining {$15000.00} to the remainder of my loans and that the allocation would be processed the same day ( // ). 

Today, on //, I checked the status of my payment and it says that the payment processed in Nelnet 's system. However, the remaining {$15000.00} of my original payment was still not applied to my loans. So, currently as it stands, Nelnet is not refunding me my {$15000.00} and they are also not applying the {$15000.00} to my loans. They have effectively stolen that money from me. Every time I call I get different answers and nothing ever happens with my money. It just sits in Nelnet 's system. 

Please help me resolve this issue. 

Sincerely, A responsible student loan borrower",Other,CA,90066,2023-10-03 00:00:00+00:00,Closed with explanation,Yes,347,0,2023,Closed with monetary relief
2025-06-18 00:00:00+00:00,Credit reporting or other personal consumer reports,Credit reporting,Improper use of your report,Reporting company used your report improperly,"This CFPB complaint has been filed to request pursuant to FCRA 605B ( 15 U.S.C.

1681c-2 ) that you, the Experian credit reporting agency, block information appearing on my consumer credit report that is the result of identity theft and fraud within 4 business days of you receiving this complaint. The following items do not belong to me and is a result of fraud that I did not authorize : Also, would like to have all addresses and names REMOVED from my credit report, except for my only name and address listed below : Name :                                                                             //",Experian Information Solutions Inc.,TX,775XX,2025-06-18 00:00:00+00:00,Closed with explanation,Yes,97,0,2025,Closed with explanation
2024-09-04 00:00:00+00:00,Credit reporting or other personal consumer reports,Credit reporting,Improper use of your report,Credit inquiries on your report that you don't recognize,I have no involvement with these inquiries or the creditors listed.,"TRANSUNION INTERMEDIATE HOLDINGS, INC.",MO,63136,2024-09-04 00:00:00+00:00,Closed with non-monetary relief,Yes,11,0,2024,UNKNOWN
2024-12-01 00:00:00+00:00,Credit reporting or other personal consumer reports,Credit reporting,Problem with a company's investigation into an existing problem,Their investigation did not fix an error on your report,"NOTICE OF UNVERIFIED INFORMATION REPORTING IN MY CREDIT FILE After reviewing my credit reports I noticed that you are alleging that the following accounts are negative without furnishing any proof of lawful verification of this alleged debt or that you followed all laws and regulations to report therefore you must remove all negative and adverse remarks or unverified information. 
The following unverified information MUST be Remove from my credit file or Provide Lawful verification under oath or sworn statement or notarized affidavit. 
    .    .  (    ) .    As you know it is against the law to report any inaccurate information or unverified information not lawfully verified or lawfully proven accurate. I demand that you provide me with concrete evidence of my obligation to said accounts. 
Please be aware that all negative unverified remarks or information found on my credit file or credit report is a violation of the FCRA and FDCPA when you can not lawfully furnish the validity of the remark or information. I am not in dispute of the ownership of the account but if you are unable to lawfully provide the full reports of how you validated, verified, and how you are in compliance then you must remove the account or information from my credit file and credit report. 

Best Regards, ,  Agent/Beneficiary Without Prejudice, All Natural Inalienable Rights Reserved","EQUIFAX, INC.",FL,33068,2024-12-01 00:00:00+00:00,Closed with explanation,Yes,223,0,2024,UNKNOWN
2021-08-12 00:00:00+00:00,"Credit reporting, credit repair services, or other personal consumer reports",Credit reporting,Incorrect information on your report,Information belongs to someone else,"My credit report shows multiple hard inquiries on //2021 for auto financing. I did NOT authorize any of these banks to run my credit. I am suspicious that a car dealership illegally sent my information to these banks without my consent and attempted identity fraud. Regardless, I have no knowledge of any application sent to the banks and did not apply for credit with any of the banks. Below is a list of inquiries from //2021 on my   credit report. 

     -  applications on same day! 
   Ally Financial Below is a list of inquiries from //2021 on my   and   credit report. 
   Ally Financial",Other,OH,44313,2021-08-12 00:00:00+00:00,Closed with explanation,Yes,102,0,2021,UNKNOWN
2019-05-06 00:00:00+00:00,"Credit reporting, credit repair services, or other personal consumer reports",Credit reporting,Incorrect information on your report,Account status incorrect,"Trying to dispute an item on my Experian credit report.  account should display "" Paid as Agreed ''. This account is on a debt management plan agreed to by  (   agent ) through . 
Unable to file dispute either online or over the phone with Experian. Online system is perpetually "" experiencing technical difficulties '' and no one answers the phone.",Experian Information Solutions Inc.,CA,92868,2019-05-06 00:00:00+00:00,Closed with explanation,Yes,61,0,2019,Untimely response
2018-01-20 00:00:00+00:00,"Credit reporting, credit repair services, or other personal consumer reports",Credit reporting,Problem with a credit reporting company's investigation into an existing problem,Their investigation did not fix an error on your report,"// Complaint about lack of credit reporting : Approximately around //, I noticed on my  app, my Capital One Credit Card information had been deleted from my  Credit Report. 
Both  and  continue to reflect the Capital One Credit Card Account which has perfect payment history. Please dont confuse the credit card with my Capital One Car Loan. 

I have been treated like a ping-pong ball between Capital One and  for more than 5 months. They both blame the other for the error. I have been told month after month by Capital One the account will be restored to my  file. Only to find, after the first of each month, there has been no change. Absolutely unacceptable! 

I request my Capital One CC history be restored to my  report immediately, as I am applying for a mortgage in the VERY near term and want the best credit score possible. 

This needs to be correct in time to reflect on my // report. If a MANUAL CORRECTION is necessary so be it. My 3 credit reports as of // are attached. 

My next step is to file a lawsuit. Ive been more than tolerant of the idiocy. 

Thank you. 

  ",CAPITAL ONE FINANCIAL CORPORATION,TX,XXXXX,2018-01-20 00:00:00+00:00,Closed with explanation,Yes,197,0,2018,Closed with non-monetary relief
2022-09-22 00:00:00+00:00,Student loan,Federal student loan servicing,Dealing with your lender or servicer,Trouble with how payments are being handled,"Nelnet   ( "" Nelnet '' ), either through negligence or malice, has caused me damages as a result of their irreverent handling of tuition refunds. 

Specifically, Nelnet has made multiple mistakes that have resulted in an ACH transfer being reversed, as a result of this reversal my bank account is likely to be charged one or more overdraft fees. Worse, Nelnet has purposefully delayed a refund of {$930.00} dollars in an apparent attempt to ensure that I would be charged overdraft fees. Outrageously, Nelnet has reordered their ACH transactions to ensure that withdraws are processed before deposits. 

In detail, I have been owed a {$930.00} refund for over one week now. However, despite promising to provide a refund in a couple of days Nelnet has not even started the process of initiating a refund and has instead focused on withdrawing nearly {$4000.00} from my account in an out-of-order manner. 

If Nelnet has processed transactions in their logical chronological order wherein the {$930.00} refund was executed first then it is likely that the current torturous activity of Nelnet and resulting damages may have not occurred or been limited in scope.",Other,CT,XXXXX,2022-09-22 00:00:00+00:00,Closed with explanation,Yes,189,0,2022,Closed with monetary relief
2025-04-15 00:00:00+00:00,Checking or savings account,Checking account,Managing an account,Deposits and withdrawals,"I live in Ohio. I purchased a mobile home in  , Florida and wanted to have a bank account with a bank in that area. On //year>2025, I opened a bank account with Truist. That account was opened online and I provided them with a copy of my Ohio driver 's license. Shortly thereafter I received a telephone call from Truist, and they asked for my driver 's license again. They sent me a link and I sent them photos of the front and back of my driver 's license. Truist has twice been provided with a copy of my driver 's license. A couple of weeks ago I tried to open a savings account with Truist. They again telephoned me, asking for my driver 's license -- for the third time. At that time, I told the person I was speaking with that I no longer wished to open a savings account and to cancel that application. Truist froze my checking account. On //year>2025 I was emailed a letter dated //year>2025 informing me that Truist has blocked my checking account to any further transactions and that I should visit a Truist bank with two forms of identification. I am currently in Ohio. The closest Truist branch to me is located  miles away, in West Virginia. They went on to state that any remaining balance may not be available for immediate withdrawal and may instead be returned to the originating financial institution, seized by law enforcement or transferred to an appropriate government entity. I have over {$2000.00} in the Truist checking account, which I am unable to access.",Other,OH,44035,2025-04-15 00:00:00+00:00,Closed with explanation,Yes,268,0,2025,Closed with explanation
2022-10-04 00:00:00+00:00,Credit card or prepaid card,General-purpose credit card or charge card,Problem with a purchase shown on your statement,Credit card company isn't resolving a dispute about a purchase on your statement,"This is a continuation of the problem from Complaint . After the company finally determined I was not responsible for the fraud charges, they "" supposedly '' adjustment my account, however, as you can see by the documents I have attached in both of my faxes they ADDED the fraud charges back onto my account!! 
Additionally, all of those interest charges they have on my account were calculated based on the balance with the fraud charges. Why would I pay interest on fraud charges. The same for late fees, I made monthly payments however I was told when I initially called in that the late fees would be waived. 

They have now started to call me and email me daily for collections on my late account payment. I am not going to continue to give them money until they clear up the fraud charges. The first step would be to remove them, permanently. Secondly, they need to recalculate my interest, starting with the interest of  on //22 ( prior to the fraud, the interest on my balance was   ). That alone tells you that they are charging me interest on fraud charges. If I pay the amount they say I owe them, I will end up with a credit and at this point, I do not trust them to honor that credit as they have proved to be quite dishonorable.",Other,TX,75252,2022-10-04 00:00:00+00:00,Closed with explanation,Yes,230,0,2022,UNKNOWN
2025-10-16 00:00:00+00:00,Credit reporting or other personal consumer reports,Credit reporting,Improper use of your report,Reporting company used your report improperly,On //year> National Recovery Agency now are reporting inaccurate information on my credit report which makes me the consumer look bad to to lenders. The inaccurate information is 1. date the account was open 2.the original creditor 3.the amount of debt owed 4. The SSN does not belong to me 5. The address does not belong to me 6. The medical treatment on the documents do not belong to me Ive Never Been to Texas for any treatment clearly this is an identity theft issue on my credit report Under law 15 USC 1681i Im asking National Recovery Agency to remove both fraudulent collections off my account and cease and desist from making false updates on my credit report ive done proper protocol to address this issue i am seeking relief,Other,PA,152XX,2025-10-16 00:00:00+00:00,Closed with explanation,Yes,131,0,2025,UNKNOWN
2020-07-17 00:00:00+00:00,"Credit reporting, credit repair services, or other personal consumer reports",Credit reporting,Problem with a credit reporting company's investigation into an existing problem,Was not notified of investigation status or results,I have several items on my credit report that are not mine. I noticed it because I recently applied for a credit card and I wasn't approved so it prompt me to check my credit report. These items listed are not mine and need to be deleted from my credit report :                     ,"EQUIFAX, INC.",GA,30324,2020-07-17 00:00:00+00:00,Closed with explanation,Yes,52,0,2020,UNKNOWN
2023-09-29 00:00:00+00:00,Credit reporting or other personal consumer reports,Credit reporting,Improper use of your report,Reporting company used your report improperly,"In accordance with the Fair Credit Reporting act. The List of accounts below has violated my federally protected consumer rights to privacy and confidentiality under 15 USC 1681. 

I told the , Transunion, and  to reinvestigate these accounts : Account name :  #  Account name :   # , Account name :     XXXXccount # , Account name :    #   Account name :    Account #   However, they stated everything was complete and accurate. And in ther stall letter stated that I needed to contact them and use their removal tools... I am getting the run around while trying to ADVOCATE FOR MYSELF saying I am using a third party. also I do not understand everything complete and accurate how is that possible if the open date, date of last activity and much more is incorrect. According to 15 USC 1681i ( 5 ) they are suppose to modify accounts that isn't reporting correctly.

15 U.S.C 1681 section 602 A. States I have the right to privacy.

15 U.S.C 1681 Section 604 A Section 2 : It also states a consumer reporting agency can not furnish a account without my written instructions 15 U.S.C 1681c. ( a ) ( 5 ) Section States : no consumer reporting agency may make any consumer report containing any of the following items of information Any other adverse item of information, other than records of convictions of crimes which antedates the report by more than seven years.

15 U.S.C. 1681s-2 ( A ) ( 1 ) A person shall not furnish any information relating to a consumer to any consumer reporting agency if the person knows or has reasonable cause to believe that the information is inaccurate.

Also they aren't even in compliance with metro 2 credit reporting. I have evidence to prove my case atttached are a copy of the letters sent out on  to each of the three credit bureaus.","TRANSUNION INTERMEDIATE HOLDINGS, INC.",TX,78244,2023-09-29 00:00:00+00:00,Closed with non-monetary relief,Yes,315,0,2023,UNKNOWN
2021-07-02 00:00:00+00:00,Checking or savings account,Checking account,Managing an account,Problem making or receiving payments,"Compliant regards USAA online BillPay of our monthly mortgage payment for //2021. We have both worked through COVID and do not have a financial hardship due to COVID. 

We pay our monthly mortgage through automatic payment from USAA to      . Have had no problems before/since //2021 with payments. Bottom line - USAA failed to inform us in writing, by phone, verbally, or through any other correspondence that they were having problems with their provider  ; a problem they knew they had in late //2021 prior to our payment due date of //2021. Through USAA failure both my wife 's and my credit scores have been adversely affected and despite multiple phone calls to USAA, representatives have either refused to assist or quite frankly lied to us. As a 30+ year member, I am insulted by their representatives failure and refusal to assist in a simple request of providing a Good Faith Letter to us and our mortgage company,   

I did not know that we had a problem with our  mortgage payment until //2021. I have never had a problem using USAA online BillPay previously so I would never expect to have one now. 

On //2021 we received a letter from  dated //2021 stating our Mortgage "" is in default. '' I called  and was told this was an error and I should ignore. However, I immediately checked online to ensure the payment was made. According to USAA, online BillPay the payment was marked "" complete '' with a date of //2021. I also called USAA on //2021 and told we were okay ; USAA made no acknowledgement in this call that there was an issue ; I was told payment was made. Therefore, my wife and I concluded we were okay. 

On //2021 we received a priority mail dated //2021 stating, "" Notice of Pre-Foreclosure. '' On //, , and  we spent hours on the phone with both  and USAA. I took time off work, at my expense, thinking I could get it resolved. I was told various versions and stories from multiple USAA representatives. Eventually, on //, I was walked through the way USAA processed mortgage payments by a USAA resolution team representative. 

USAA stated they processed our  payment through their partner  to     to  on //2021 and it should have been completed on //2021. Initially USAA did this through an electronic transfer which was canceled by someone due to the computer software issue, and then USAA paid by an electronic check. Bank records should indicate that prior to my phone call on //2021, the transfer was listed under "" Delivery Method '' as "" Paid Electronically '' and after that call on //2021 someone at USAA changed the transfer "" Delivery Method '' to "" Paid By Mail. '' USAA did not inform us that the payment was changed from electronic transfer to a delivered check ( no other payments before/since have been done with an electronic check ). Nor did USAA inform us that the check was sent and no one could find it. Okay ; a bit of sarcasm here ; really? Sounds like a bad TV commercial. I could have figured this one out ; it's COVID. Minimal people working in buildings so who is looking at the mail in these companies? Regardless, the documents we were provided clearly show the transfer was sent, had a confirmation number, and was complete. Yet ; it was not. Even today, document online shows that "" Bills '' to ""    ( Home Mortgage ) '' from "" Account/Method '' of ""  '' in "" Amount '' of "" {$3000.00} '' with "" Arrival Date '' "" //2021 '' has a "" Status '' of "" Completed. '' This transaction never occurred but is clearly documented as complete. My banking records will clearly show that I had to cancel this transaction - a "" Check '' on //2021 when no one could find it and I authorized  to pull the money from my account. 

On //, finally after multiple calls and my insistence on having USAA representatives look at their own documentation, USAA acknowledged that the problem was actually reported to them by  at the end of month , prior to our  payment to  ; a computer software problem with payments for many customers we were told. USAA representative stated that the problem was not ours and that USAA would send  and us a "" Letter of Good Faith '' explaining the problem. USAA assured me that this problem would not impact my credit, nor would we have any associated fees ; and if there were, because we were guaranteed under their  agreement, USAA would handle and make right. I then authorized USAA to cancel the electronic check, which was now over a month old, and we paid  directly on // for the  payment. 

We thought the issue was resolved. However, USAA again failed to meet their obligation and commitment as they did not send us a    explaining the situation as they said they would, nor did they provide anything to our mortgage company . 

On //2021 my spouse received an alert about her credit. On //2021, my wife received multiple alerts from  , and  stating her credit score dropped. We were shocked. Each company dropped her credit by more than  points ( i.e.    to  . We immediately began making calls. 

Credit companies no help ; we get it - they always hear a story.  no help - although we had documents and asked reps to review our account notes, we were outright blamed for the errors since we used USAA   auto payment. Said best they could do was request a dispute review, but they had no documentation provided by USAA to them. Therefore, despite the emails we have and the printouts showing all payments made timely  could not assist. We are disputing this with . USAA was even less helpful. I spent 3 hours, 2 minutes on phone on // ; spoke with multiple people and on hold for 2 hours 38 minutes of that time. Each time I spoke with someone I had to retell our story and ask them to review notes, each time I asked to speak with a supervisor, was put on hold and then transferred to someone else who was not a supervisor and had to start all over. At the 2 hours and a half , I was promised a supervisor was on the line and would be with me in less than 5 minutes ; 20 minutes later  identified himself with the resolution team ; he was not a supervisor and wanted me to retell the issue once again. I asked for a supervisor and he told me none was available and he could not assist me. Read the transcripts. No one in USAA attempted to just provide what we were promised in early  - a letter that if provided, would have prevented our credit scores from dropping by over  points for a banking error that USAA knew about and acknowledged was not our fault. 

I emailed the USAA CEO for Customer Relations,   and asked for assistance. I have not heard back.",Other,WA,98371,2021-07-02 00:00:00+00:00,Closed with explanation,Yes,1190,0,2021,UNKNOWN
2025-01-14 00:00:00+00:00,Credit reporting or other personal consumer reports,Credit reporting,Improper use of your report,Reporting company used your report improperly,"FOR THE COMPANY TO DO WHAT IS FAIR AND EQUITABLE TO ME AS A CONSUMER AFFECTED BY THE   BREACH BY DELETING THE ITEMS IDENTIFIED AS IDENTITY THEFT. 

KXXXX                                                                     //",Experian Information Solutions Inc.,TX,78723,2025-01-14 00:00:00+00:00,Closed with explanation,Yes,29,0,2025,Closed with non-monetary relief
2025-03-06 00:00:00+00:00,Credit reporting or other personal consumer reports,Credit reporting,Problem with a company's investigation into an existing problem,Their investigation did not fix an error on your report,"I am following up on my previous correspondence regarding inaccuracies in my credit file, as detailed in my previous dispute letter. Despite my prior request for correction and reinvestigation, I have yet to receive confirmation that these matters have been addressed or rectified. 

These inaccuracies remain unaddressed, and I am requesting an immediate reinvestigation of these items to ensure the accuracy of my credit report. Additionally, I request the following : 1.Confirmation of corrections made to the disputed items. 
2.Assurance that these inaccuracies will not be reinserted into my credit report without proper notice, as required by the Fair Credit Reporting Act ( FCRA ). 
3.Written confirmation detailing the results of your investigation and the actions taken to resolve the inaccuracies. 
Bankruptcy   reference ","TRANSUNION INTERMEDIATE HOLDINGS, INC.",CA,90715,2025-03-07 00:00:00+00:00,Closed with non-monetary relief,Yes,123,1,2025,Closed with explanation
2020-12-30 00:00:00+00:00,"Credit reporting, credit repair services, or other personal consumer reports",Other personal consumer report,Problem with a company's investigation into an existing issue,Investigation took more than 30 days,"I requested a copy of my consumer file from Global Payments and the company refuses to provide it unless I can specify which of their Product Services that I believe contains my personal information and the Merchant or Customer ID. 

Global Payments works with many merchants and provides many services. I have no way of knowing where my personal consumer information is held under their many services and merchants. 

Unless I can provide the exact service and merchant the company is refusing to provide me a copy of my consumer report. This is a violation of the Fair Credit Reporting Act. 

Global Payments Inc. 
  ,   , GA    https : //www.globalpaymentsinc.com/en-us/privacy-statement",Other,FL,34684,2021-01-14 00:00:00+00:00,Closed with explanation,Yes,110,15,2020,Closed with explanation
2024-09-11 00:00:00+00:00,Credit reporting or other personal consumer reports,Credit reporting,Unable to get your credit report or credit score,Other problem getting your report or credit score,"I have been attempting to get my Equifax credit file unlocked by Equifax consumer affairs department and they have NOT been doing their job. Every time I call in they lie and say that they have completed the task and that I will be able to see my credit score or that other companies and lenders would be able to see my credit score, but after waiting the 24 hours MULTIPLE times my credit is still block and lenders are still unable to see my credit report. I can not move into an apartment either because my credit score is being blocked. I reached out to Equifax on //year> about this issue again I spoke with  at   EST FRO MTHE CONSUMER AFFIRS DEPARTMENT.  seemed be joking on the phone and he did not unlock my credit score after stating that it would be unlocked after 24 hours.  gave me a confirmation number meaning that the issue would be resolved or solved and nothing happened the confirmation number is # . I do not believe that this is a valid confirmation from . I believe that  lied to me and that is very unprofessional for a major company such as Equifax to do something like this. I would like for my credit report to be available for lenders to see so that I can move into my apartment and have the option to apply for credit cards. also there they confirmed that they have received y identity documents multiple times and they told me that they received my request in  and just never processed anything. that is very unprofessional.","EQUIFAX, INC.",GA,30349,2024-09-11 00:00:00+00:00,Closed with non-monetary relief,Yes,268,0,2024,Closed with explanation
2025-01-16 00:00:00+00:00,"Money transfer, virtual currency, or money service",Domestic (US) money transfer,Other transaction problem,Not applicable,"I am writing to formally express my concerns regarding Zelle 's handling of disputes, particularly in light of the recent CFPB lawsuit highlight significant issues with the platform. Despite using Zelle numerous times and reporting discrepancies, my financial institution and Zelle failed to investigate my claims adequately. They informed me that recovering lost funds was impossible and that tracking these transactions was unfeasible. The CFPB 's findings indicate that Zelle has not only neglected to protect consumers but has also allowed repeat offenders to exploit the system, leaving users vulnerable to scams. This lack of accountability and transparency is unacceptable and raises serious concerns about customer safety.",Other,NE,688XX,2025-01-16 00:00:00+00:00,Closed with explanation,Yes,107,0,2025,UNKNOWN
2023-10-17 00:00:00+00:00,Vehicle loan or lease,Loan,Repossession,Voluntary repossession,"The following letter was sent to the company and Via Email on //2023 and was responded to and told they cant help via email i already called and and tried to talk to  and was treated very rudely and unprofessionally and told there was nothing he could do to help. 

Subject : Request for Early Termination of Auto Loan Due to   Dear Sir/Madam, I hope this letter finds you well. I am writing to request your assistance with the early termination of my auto loan under my name, which I have with Four sight Capital. The reason for this request is a significant change in my circumstances. I am an active member of the United States  , and I have recently received orders for   to fulfill my duties. 

My  is expected to last for an extended period, making it impossible for me to keep the vehicle financed under your company during this time. Unfortunately, due to the unique nature of my assignment, I am unable to bring the vehicle with me  I understand that this is an unusual situation, and I would appreciate your understanding and cooperation in helping me resolve this matter. 

In light of the above, I kindly request the following : 1. Early Termination : I am requesting the early termination of my auto loan with Four Sight. I understand that there may be fees associated with this process, and I am willing to cover any reasonable costs so long as pre agreed upon.

2. Non-reporting to Credit Bureaus : Given my commitment to serving our country and the unexpected circumstances leading to this request, I kindly ask that my early termination and the associated financial arrangements not be reported to the credit bureaus. It is crucial for me to maintain my credit score as I will need it for various financial transactions during and after my  to include my security clearance. 

3. Confirmation of Termination : I kindly request a written confirmation of the loan termination, including any final details and the acknowledgment of the non-reporting of this event to credit bureaus. 

I understand that my request might entail some work on your end, and I genuinely appreciate your assistance in accommodating my situation. I assure you that I am committed to fulfilling my obligations and responsibilities regarding this matter, including any financial arrangements that may be required. 

Please let me know if there are any forms or documents I need to complete to facilitate this process. You can reach me at  for any further clarification or to discuss this matter in detail. 

I understand that your company has policies and procedures to follow, and I kindly request your understanding and cooperation during this challenging time in my life. Your assistance in resolving this matter promptly will be greatly appreciated. 

Thank you for your prompt attention to this request, and I look forward to your positive response. 

Sincerely,  ",Other,NM,883XX,2023-10-17 00:00:00+00:00,Closed with explanation,Yes,482,0,2023,UNKNOWN
2016-12-25 00:00:00+00:00,Mortgage,Conventional fixed mortgage,"Loan modification,collection,foreclosure",Not applicable,"I have sent, resent, faxed and faxed again the same paperwork over and over again, only to hear that my property is in foreclosure. Im very very upset by this.  dragged this process ffor over a year then sold to another bank to do the same thing",Other,NY,11237,2016-12-25 00:00:00+00:00,Closed with explanation,Yes,47,0,2016,UNKNOWN
2026-04-10 00:00:00+00:00,Debt collection,I do not know,Attempts to collect debt not owed,Debt was result of identity theft,JEFFERSON CAPITAL LL is falsely reporting on my credit. I have never had any accounts with them. Per my research JEFFERSON CAPITAL LL is a debt collector. They are falsely reporting on my credit!! Account number is   is falsely reporting to my credit file and is against my rights and fair credit act. Under U.S Code 1618d - Disclosure of investigation consumer report ; you are in violation.,Other,AL,35215,2026-04-10 00:00:00+00:00,Closed with explanation,Yes,68,0,2026,UNKNOWN
2024-06-13 00:00:00+00:00,Debt collection,Other debt,Attempts to collect debt not owed,Debt is not yours,"On or around //year> I was informed of a collection account on my credit report from    in the amount of {$}. On //, I contacted the agency who informed me the account was with   for a homeowners policy for a property located at    ct, , . I informed the agency, that we never purchased the home, furthermore, we never purchased the policy. I provided documentation that we never lived at the residence, and submitted a consumer dispute directly with their agency. Roughly 2 weeks passed and I heard no information from the agency regarding my dispute and I followed up for an update to which they informed me the dispute was closed the following day stating I did not provide enough information, despite providing two residential leases covering the time period showing that I resided elsewhere at that time. I also provided information that the home purchase for that property was not successful. They have refused to remove the account from my report and have continued to ask me for more information that I do not have. Please help. This is having a great impact on my credit report and my ability to purchase a new home.",Other,WA,986XX,2024-06-13 00:00:00+00:00,Closed with non-monetary relief,Yes,197,0,2024,Closed with explanation
2025-11-26 00:00:00+00:00,Credit card,General-purpose credit card or charge card,Closing your account,Company closed your account,"Im really confused about what happened with my Citi Strata card. I got approved, sent the documents you asked for right away, was told to wait weeks, and then suddenly the account was closed after just a few days. 
Can someone please explain whats going on? This doesnt seem right.","CITIBANK, N.A.",CA,95051,2025-11-26 00:00:00+00:00,Closed with monetary relief,Yes,50,0,2025,Closed with explanation
2019-06-03 00:00:00+00:00,"Credit reporting, credit repair services, or other personal consumer reports",Credit reporting,Problem with a credit reporting company's investigation into an existing problem,Their investigation did not fix an error on your report,Transunion is reporting incorrectly that I am 60 days past due on the  - partial account number . ( Please see pages 3 and 4 of the attached credit report. ) This account reports a {$0.00} balance and {$0.00} past due. This incorrect reporting is harming my credit score. Please keep in mind that it is impossible to be late on accounts where nothing is owed and nothing is past due.,"TRANSUNION INTERMEDIATE HOLDINGS, INC.",CA,91505,2019-06-03 00:00:00+00:00,Closed with explanation,Yes,71,0,2019,Closed with explanation
2024-01-10 00:00:00+00:00,Credit reporting or other personal consumer reports,Credit reporting,Improper use of your report,Credit inquiries on your report that you don't recognize,"I Have Hard Inquiries On My Credit Report            , And Snychrony Bank. I Have No Acknowledgement Of These Inquiries.",SYNCHRONY FINANCIAL,NY,10459,2024-01-10 00:00:00+00:00,Closed with non-monetary relief,Yes,19,0,2024,Closed with explanation
2022-11-02 00:00:00+00:00,"Credit reporting, credit repair services, or other personal consumer reports",Credit reporting,Incorrect information on your report,Information belongs to someone else,"Regardless of the multiple written requests, the ITEMS listed below are still reporting on my credit report which is a violation of FCRA. The Bureaus failed to comply with Fair Credit Reporting Act, 15 USC sections 1681i within the time declared by law, they failed to properly investigate the matter by using a third party as their verification provider and have continued reporting the unconfirmed & unverified information. Given all my attempts to address it directly with  CREDIT BUREAUS they are willful negligent and non-complying with federal statutes & I need this matter handled immediately. Please remove the items below in my file :     , GA  ;      MI  ;       , MI      , MI  ;       {$0.00} ;    Balance : {$0.00} ;    Balance : {$0.00} ;  //2022 ;  //2022 ;   //2022 ;   //2022     //2022.",Experian Information Solutions Inc.,GA,30039,2022-11-02 00:00:00+00:00,Closed with explanation,Yes,132,0,2022,UNKNOWN
2023-10-05 00:00:00+00:00,Credit reporting or other personal consumer reports,Credit reporting,Incorrect information on your report,Account information incorrect,"On //23 I wrote a dispute to the 3 major credit bureaus , , and . The account that this complaint is about is Bank of America ( Account ending in  ). I asked the credit bureaus to investigate because the balance should be . It is a charged off account which has been sold to debt collectors, I say debt collectors because I have received 2 notices from two seperate companies telling me that I owed a debt, with the original creditor being Bank of America. Now I am getting a response to my dispute from Bank of America as well, on two occasions. One on // and one on //. Both state I owe a blance of {$470.00}. So now Bank of America is illegally charging me a balance after selling my debt to not one, but two debt collecton agencies, which are also contacting me to pay this debt. I want this inaccurate account removed from my credit report and updated the balance to  immediately. This is highly suspicious activity and honestly I would not mind getting a lawyer at this point because Bank of America is supposed to be a reputable company but now it turns out they are looking to collect a debt from ME as well as sell my debt to TWO debt collectors to get even more money.","BANK OF AMERICA, NATIONAL ASSOCIATION",GA,30241,2023-10-05 00:00:00+00:00,Closed with explanation,Yes,225,0,2023,UNKNOWN
2022-09-28 00:00:00+00:00,"Credit reporting, credit repair services, or other personal consumer reports",Credit reporting,Incorrect information on your report,Information belongs to someone else,"This is not a duplicate nor is this complaint filed by a third party. I am filing this complaint myself. Please see this complaint is processed to the letter of the law. It has been an encounter going over this and I am submitting this complaint AGAIN to remove the fraudulent account in my file that is reporting on Experian Credit Bureau. I would like to request the suppression of this account from my credit report, which is the result of a fraudulent item origination and identity theft. I have already done my part by sending my documents like my DL, SSN, Address, and the dispute letter I sent to Experian. Also, I have sent my FTC report to them but still, nothing has changed. Pursuant offer section 605B ( a ) ( 1 ) ( 2 ) you are required to BLOCK or REMOVE any information in my file that resulted from alleged identity theft, not later than 4 business days after the date of receipt PLEASE DELETE IMMEDIATELY! 

     ",Experian Information Solutions Inc.,CA,90250,2022-09-28 00:00:00+00:00,Closed with non-monetary relief,Yes,170,0,2022,UNKNOWN
2025-01-27 00:00:00+00:00,Credit reporting or other personal consumer reports,Credit reporting,Problem with a company's investigation into an existing problem,Their investigation did not fix an error on your report,"Dear TransUnion, I am writing to formally dispute the collection account reported by    on my credit file. This account has already been removed from my  and  credit reports, indicating that the account was either inaccurately reported or no longer meets the criteria for reporting under the Fair Credit Reporting Act ( FCRA ), 15 U.S.C. 1681 et seq.

Under the FCRA, you are required to : Ensure Maximum Possible Accuracy : According to 15 U.S.C. 1681e ( b ), credit reporting agencies must maintain accurate and up-to-date information in consumers ' credit files. Since this account has been removed from the other  major credit bureaus, its continued presence on my TransUnion report raises questions about its accuracy. 
Conduct a Prompt Investigation : Under 15 U.S.C. 1681i ( a ), I am requesting that you investigate this matter immediately. Please contact    to verify the accuracy and legitimacy of this account. If the furnisher can not verify the account or provide supporting documentation, the account must be deleted from my credit file. 
Provide the Results of the Investigation : Within 30 days of receiving this dispute, I expect TransUnion to provide a written response detailing the results of your investigation and the actions taken on my credit report. 
I am also requesting that you provide : Documentation used to verify the accuracy of this account. 
Confirmation that the information reported by    meets all legal reporting requirements under the FCRA. 
If TransUnion continues to report this inaccurate information, I reserve the right to escalate this matter by filing a complaint with the Consumer Financial Protection Bureau ( CFPB ), the Federal Trade Commission ( FTC ), and/or pursuing legal remedies. 

Thank you for your immediate attention to this matter. I look forward to receiving confirmation that this account has been investigated and removed from my credit file.","TRANSUNION INTERMEDIATE HOLDINGS, INC.",MO,63011,2025-01-27 00:00:00+00:00,Closed with non-monetary relief,Yes,304,0,2025,Untimely response
2026-05-28 00:00:00+00:00,Vehicle loan or lease,Loan,Managing the loan or lease,Billing problem,"I am filing this complaint because Upstart has failed to respond to my reinstatement dispute, misapplied my extension agreement, and is delaying my ability to reinstate my vehicle. Their lack of communication is causing financial harm and putting me at risk of losing my car despite my goodfaith efforts to resolve the issue. On //year>, I emailed Upstart regarding a reinstatement dispute. I explained that I had an approved extension beginning //year>, which moves my  payment due date to //year>. Despite this, Upstart added the  payment into the reinstatement amount, which contradicts the extension terms. I received no response for  days. During this time, I called multiple times seeking clarification and was repeatedly told that someone would contact me. No one did. When I was behind on payments, Upstart contacted me immediately with calls and emails. Now that I am trying to resolve the issue and reinstate the vehicle, they are silent. On //year>, I sent a followup email to both addresses provided by Upstart representatives. I received only an automated acknowledgment, not a real response. I am requesting the  assistance because : Upstart is not honoring the extension agreement They added the  payment to the reinstatement amount despite the extension They have failed to respond to my dispute for  days They are delaying reinstatement and increasing my financial risk Their lack of communication  lead to wrongful sale of my vehicle I am acting in good faith and attempting to resolve this before the // deadline. Upstarts failure to respond is preventing me from reinstating my vehicle and is causing significant stress and financial harm. I am requesting that Upstart be required to provide a written response, correct the reinstatement amount, and allow me to reinstate my vehicle without further delay.",Other,CA,95330,2026-05-28 00:00:00+00:00,Closed with explanation,Yes,291,0,2026,Closed with explanation
2021-05-15 00:00:00+00:00,"Credit reporting, credit repair services, or other personal consumer reports",Credit reporting,Incorrect information on your report,Information belongs to someone else,I am a victim of identity theft and I have submitted a notarized affidavit which serves as a legal document to my identity theft. I am also a victim of Equifax breach and opted out of the settlement because I have suffered extreme losses due to the breach and identity theft. I need the fraud accounts that are in my letter that are attached removed permanently from my file as I have also contacted the creditors as well. This is extreme violation of my fair credit reporting act rights and I will seek legal recourse. I have also attached the printout of me being affected by the Equifax breach as well.,"EQUIFAX, INC.",MD,21117,2021-05-15 00:00:00+00:00,Closed with explanation,Yes,111,0,2021,Closed with explanation
2022-12-20 00:00:00+00:00,"Credit reporting, credit repair services, or other personal consumer reports",Credit reporting,Incorrect information on your report,Information belongs to someone else,"I have submitted multiple disputes and FTC regarding these accounts that do not belong to me and they are still reporting on my credit report. 
These companies have refused to work on disputes even though they are required by law to do so. 

I've also called on multiple occasions regarding the negative items that are reported on my credit report. These accounts are not mine.","EQUIFAX, INC.",FL,32218,2022-12-20 00:00:00+00:00,Closed with explanation,Yes,65,0,2022,Closed with explanation
2023-12-18 00:00:00+00:00,"Payday loan, title loan, personal loan, or advance loan",Installment loan,Problem when making payments,Not applicable,"My solar loan lender '' sunlight financialXXXX  '' was making advanced payments to my contractor   prior to work being completed, permits taken, inspections passing and  issued.My lender also did not do their due diligence PRIOR to paying contractor. 
Now sunlight financialXXXX  is demanding payments.There were many violations that   violated and was obvious to Sunlight Financial.I have repeatedly spoken and emailed Sunlight financial over the past  and a half years that the panels were not properly installed, no permits etc.   eventually removed all panels from my roof, leaving the connection box attached to my house and stored panels in my backyard and now my roof is leaking and mold has formed.Sunlight financial was informed of all this and they ignored me.My city is threatening to fine me for violations and i have to appear before the magistrate. 
I also have requested documents to be sent to me on my complete file, proof of installation meeting each milestone { per loan contract } and any documentation giving Sunlight financial/  permission to pay   in advance without my consent.",Other,FL,33323,2023-12-20 00:00:00+00:00,Closed with explanation,Yes,175,2,2023,UNKNOWN
2018-05-13 00:00:00+00:00,Credit card or prepaid card,General-purpose credit card or charge card,Trouble using your card,Can't use card to make purchases,"I recently applied for the Citi Double Cash card and received my Citi Double Cash card on //. I activated the card and was informed I can begin using my card. My two first attempts to use the card on // the card declined. I immediately contacted Citi and was told the card is usable with no further declines. I stressed that this can not happen as I'm using this card for purchases with vendors whom I work with. I was assured there would be no further problems. On the following day I had two vendors contact me that my Citi card was declined. I again contacted Citi card and was told they need a copy of my Social Security card. I have never provided this information to a credit card company as I have excellent credit, and held credit cards for over 30 years. Also, I have another credit card currently with Citi. 
After almost an hour on the phone and speaking with a supervisor I requested to cancel the account as I will find a different card provider. They refused to cancel my account until I give them a copy of my social security card. 
I then receive a letter stating they want a copy of my social security card on // via mail. I immediately called and stated I'm not comfortable mailing a copy of my social security card and to please cancel my account. I have not interest in doing business with this company. I was told they will not cancel my account until I mail them a copy of my SS card. At this point I have no idea what to do. I have wasted too much time and effort trying to resolve the service and cancel my account. 
Citi has worst service I have ever experienced.","CITIBANK, N.A.",CA,92672,2018-05-13 00:00:00+00:00,Closed with explanation,Yes,302,0,2018,UNKNOWN
2024-05-02 00:00:00+00:00,Credit reporting or other personal consumer reports,Credit reporting,Improper use of your report,Reporting company used your report improperly,"I LOST my wallet along with my SSN card long ago. I am a victim of identity theft. I have obtained a copy of my credit report with  AND EXPERIAN.COM and there are multiple accounts reporting to my credit profile that are fraudulent. I have also found out that the accounts listed below are not connected to my current address : The information listed in this letter, which is reporting to my credit, does not relate to any transaction ( s ) that I have made. It is the result of identity theft.",Experian Information Solutions Inc.,OH,43213,2024-05-02 00:00:00+00:00,Closed with explanation,Yes,93,0,2024,UNKNOWN
2018-08-14 00:00:00+00:00,Credit card or prepaid card,General-purpose credit card or charge card,Problem when making payments,Problem during payment process,"I have a loan with GM FINANCIAL. I have always made my payments on time. For some reason I realized that there was a late payment on my credit report. As you can see, I have always had a stellar payment record with this company. I tried contacting both  and GM FINANCIAL with no successful resolution.   was the only one reporting me late. There was definitely an error on their part. I was never 30 days late //2017.",Other,TX,787XX,2018-08-14 00:00:00+00:00,Closed with explanation,Yes,78,0,2018,UNKNOWN
2024-05-24 00:00:00+00:00,Credit reporting or other personal consumer reports,Credit reporting,Incorrect information on your report,Account information incorrect,"     , Al,  SS #   // // Dear Sir or Madam, I am writing to formally dispute the accuracy of information listed on my credit report. In accordance with the Fair Credit Reporting Act, Section 1681i, I request a reinvestigation and correction of the following information : Name :    Account #  Name :    Account  Date  Balance : {$1800.00} Name :   Account        Account  Date Opened : // Balance {$160.00} Name :     Account  Date   {$1700.00} I believe these accounts are inaccurate and the information is incomplete Please investigate this matter within the 30-day period as required by law and correct or delete the disputed item from my credit report if it can not be verified. If the item is verified, please provide me with the method of verification as required by the FCRA.

Thank you for your attention to this matter. I look forward to your prompt response. This information is harming me mentally and financially. 

Sincerely,  ","TRANSUNION INTERMEDIATE HOLDINGS, INC.",AL,352XX,2024-05-24 00:00:00+00:00,Closed with non-monetary relief,Yes,154,0,2024,Closed with non-monetary relief
2025-08-14 00:00:00+00:00,Credit reporting or other personal consumer reports,Credit reporting,Improper use of your report,Reporting company used your report improperly,"This letter is a formal notice of dispute under the Fair Credit Reporting Act ( FCRA ) regarding inaccurately reported late payment dates on the above-referenced account appearing in my credit file. 
The reported derogatory payment data is factually and legally incorrect and constitutes a violation of my rights under multiple federal statutes. 
Creditor Name : [  ] Account Number : [      ] Creditor Name : [  ] Account Number : [       ] Creditor Name : [  ] Account Number : [       ] Creditor Name : [  ] Account Number : [      ] Creditor Name : [  ] Account Number : [      ] Creditor Name : [  ] Account Number : [       ] Creditor Name : [  ] Account Number : [       ] Creditor Name : [  ] Account Number : [       ] Creditor Name : [  ] Account Number : [      ] Creditor Name : [  ] Account Number : [      ] Creditor Name : [   ] Account Number : [      ]","EQUIFAX, INC.",GA,30296,2025-08-14 00:00:00+00:00,Closed with non-monetary relief,Yes,163,0,2025,Closed with explanation
2022-12-03 00:00:00+00:00,"Credit reporting, credit repair services, or other personal consumer reports",Credit reporting,Incorrect information on your report,Information belongs to someone else,"It has been drawn out into the open that you are not hindering records when I sent a copy of the FTC report. Since it is a necessity by regulation 605b of the FCRA I'm sending this Complaint to assist with laying out a lawful response. In the event that you decide to not obstruct the accompanying things recorded beneath which are answering erroneously because of fraud, I will hand my archives over to my lawyer to begin a legitimate activity. It's my goal to not seek after any legitimate activity so if it's not too much trouble, comply with the law. 
    Balance Owed : {$0.00} ;   Balance Owed : {$0.00} ;   Balance Owed  {$530.00} ;      Balance Owed  {$940.00}    Balance Owed : {$5400.00}","EQUIFAX, INC.",CA,937XX,2022-12-03 00:00:00+00:00,Closed with explanation,Yes,123,0,2022,Closed with explanation
2023-10-27 00:00:00+00:00,Credit reporting or other personal consumer reports,Credit reporting,Incorrect information on your report,Account status incorrect,"I am writing to file a formal complaint regarding an inaccurate late payment entry on my credit report associated with an account labeled ""    and    '' with Account Number . This late payment is in error, as I have never been late on any payments, and I kindly request that this erroneous entry be updated and removed from my credit report. 

The reporting of a late payment associated with the ""    and    '' account is entirely inaccurate. I have consistently made on-time payments for this account, and I can provide documentation to support this fact.","TRANSUNION INTERMEDIATE HOLDINGS, INC.",FL,32832,2023-10-27 00:00:00+00:00,Closed with non-monetary relief,Yes,95,0,2023,Closed with explanation
2026-05-26 00:00:00+00:00,"Money transfer, virtual currency, or money service",Virtual currency,Fraud or scam,Not applicable," He contacted me via his  account below , saying interested in me love me, His brother got a bankruptcy, and his mother isa sick so that needed my help. First all, he wanted me to investment though ""  '' ""  ' '' ""  '' - I downloaded and sent wire transfer about {$28000.00} then later use my banks (  and Citibank ) to wire transfer {$60000.00}.  :   -Hospital  guidance, medical device introduction consultation,         Date jointed //year>, Account based in   he said "" I have bad news for Baby : the so-called "" company bank account '' my bank friend provided seems to be a scam. My bank friend is still telling me today that he hasn't received the funds, so I suspect I've been deceived... # 1 : He said Dear Baby, you can go to the bank and explain to the staff that you entered the wrong bank account number when making the transfer. This way, the bank staff can retrieve the {$10000.00} and return it to your account. Because of my foolishness, I have caused trouble for dear Baby, and I must sincerely apologize for my stupidity. I hope I can receive Baby 's forgiveness. # 2 ; Hello, according to the trading platform 's inspection, your total trading account balance is {$95000.00}, but you have withdrawn funds in the form of cryptocurrency. In , any cryptocurrency extracted overseas requires the submission of [ Tax ] and [ Account Security Deposit ]. Since you did not withdraw funds in , you are required to submit 60 % of your total trading account balance as [ Cryptocurrency Tax ] and [ Trading Account Security Deposit ]. The amount to be submitted at the international exchange rate is {$57000.00}. The [ Cryptocurrency Tax ] and [ Trading Account Security Deposit ] submitted will be fully refunded after all funds have been withdrawn from your trading account. The deadline for submitting the [ Cryptocurrency Tax ] and [ Trading Account Security Deposit ] is  business days, or //year>. He changed his phone number in this  and gave me new phone number, but the person was different name previous one. also, different language had sent me accidentally. Finally realized this is a fraud.","CITIBANK, N.A.",CA,90403,2026-06-10 00:00:00+00:00,Closed with explanation,Yes,371,15,2026,UNKNOWN
2021-06-09 00:00:00+00:00,Debt collection,I do not know,Written notification about debt,Didn't receive enough information to verify debt,"I.C.Systems Inc- Date reported //2021 in the amount of {} To whom this may concern : You have added a fraudulent collection account on my credit report and I need answers immediately and send debt validation or delete it immediately. 

Im requesting validation of debt with proof of a contract bearing my signature. As of now, you have failed to do so. To report this account is illegal when disputed. 

I.C.Systems Inc- Date reported //2021 in the amount of $  DELETE IMMEDIATELY Please provide all paperwork or proof. If not, delete account from the credit bureaus. 

Respectfully,        , Texas ",Other,TX,770XX,2021-06-09 00:00:00+00:00,Closed with explanation,Yes,99,0,2021,UNKNOWN
2025-01-23 00:00:00+00:00,Credit reporting or other personal consumer reports,Credit reporting,Credit monitoring or identity theft protection services,Problem canceling credit monitoring or identify theft protection service,"I did not attend this institution these accounts do not belong to me. Someone used my information to obtain these loans and i put in a identity theft claim alarming the government about this fraudulent activity under my name. 

Mohela  fed opened //year> student Loan {$6000.00} Mohela  fed opened //year> student loan {$3500.00}",Other,IL,60419,2025-01-24 00:00:00+00:00,Closed with explanation,Yes,53,1,2025,UNKNOWN
2021-09-16 00:00:00+00:00,"Credit reporting, credit repair services, or other personal consumer reports",Credit reporting,Incorrect information on your report,Information is missing that should be on the report,"This is a violation of the fair and accurate credit reporting act. 
This is a medical debt through     that was solvd to Portfolio recovery and they refuse to change how it is listed on my report.","Portfolio Recovery Associates, LLC",MA,01604,2021-09-16 00:00:00+00:00,Closed with explanation,Yes,36,0,2021,Closed with explanation
2024-05-06 00:00:00+00:00,Mortgage,Conventional home mortgage,Applying for a mortgage or refinancing an existing mortgage,Delays in the application process,"The underwriter went over the top with multiplicious requests for the same information. I had to write a letter justifying why I was buying in this city ( provide a birth certificatereally ) to prove I was born in this city. Then, after a fiscal torture our mortgage agent quit out of frustration. We got a new loan officer midstream and a new underwriter and we closed a week later. Then, magically we received a letter from the IRS saying they were going to audit us. This agent,  , violated and abused us through the underwriting process.",Other,CA,92108,2024-05-06 00:00:00+00:00,Closed with explanation,Yes,97,0,2024,Closed with explanation
2024-12-13 00:00:00+00:00,Prepaid card,General-purpose prepaid card,Trouble using the card,Trouble using the card to spend money in a store or online,"I had previously filed a complaint with your agency (  ). My complaint read as follows : [ I received this Vanilla Gift Card and attempted to use it at several merchants, both online and in person. Every time the card was declined which is not only embarrassing, but also frustrating as this is {$100.00} that has just disappeared. When I contacted the company, I was told the card was frozen due to too many declines. They offered to send me a new one, I asked for a list of stores where this card might be valid, and they told me I should be able to use the new card anywhere. When I received the new card, I attempted to use it multiple times with the same result. This is so frustrating and the company is no help. Their suggestion was that I try to use it everywhere until it works which is a complete non-answer to me. The person who gave me this card has been defrauded out of {$100.00} and I have nothing to show for it. ] After receiving a response from the company, they promised to reimburse me for this gift card and indicated that they would expedite a check for the full value of the card via  This was promised over a month ago and to date I have still not received this reimbursement. I don't understand how a business can continue to operate with fraudulent practices. I contacted them via the email address they listed in their response to my complaint and have heard nothing. They continue to have use of my {$100.00} on a gift card that I can not access and I consider this to be theft of property.",Other,NJ,085XX,2024-12-13 00:00:00+00:00,Closed with explanation,No,287,0,2024,Closed with monetary relief
2019-12-02 00:00:00+00:00,Debt collection,Medical debt,False statements or representation,Attempted to collect wrong amount,"This is a medical debt, nearly 5 years old, by a local  , for interpretation of an . Their charge in 2015 was {$390.00}, but because the   had a contract with my health insurance carrier, that charge was reduced to {$220.00} which was my responsibility. The     A/R was purchased by  who turned this over to MBA Law Collections Agency. I was unaware this debt was outstanding until my credit report monitoring service notified me of a negative posting by MBA Law and only subsequently did I receive a demand letter from them for {$390.00}. My complaint is with MBA Law : 1 ) MBA Law posted their collections action to   &   consumer credit reporting agencies before notifying me of their claim and giving me an opportunity to rectify it. 
2 ) MBA Law wants payment of {$390.00} but they are only entitled to payment for the original debt owed by the account Guarantor, which is {$220.00} due to the     contract with my carrier in 2015, . 
3 ) Despite an offer in writing to MBA Law to cover the full {$220.00}, I have not heard from them.",Other,FL,334XX,2019-12-04 00:00:00+00:00,Closed with non-monetary relief,Yes,187,2,2019,UNKNOWN
2023-09-05 00:00:00+00:00,Credit reporting or other personal consumer reports,Credit reporting,Incorrect information on your report,Information belongs to someone else,"This is the several times I've complained about being a victim of identity theft. You must remove/block any items that was opened without my knowledge, consent, or authority within 4 business days with ( 1 ) appropriate proof of the identity of the consumer ; ( 2 ) a copy of an identity theft report ; ( 3 ) the identification of such information by the consumer; and ( 4 ) a statement by the consumer that the information is not information relating to any transaction by the consumer. 
                                                                                                                     ","TRANSUNION INTERMEDIATE HOLDINGS, INC.",GA,30309,2023-09-05 00:00:00+00:00,Closed with non-monetary relief,Yes,89,0,2023,UNKNOWN
2016-10-12 00:00:00+00:00,Mortgage,Home equity loan or line of credit,"Loan modification,collection,foreclosure",Not applicable,I have attempted several times to have my home equity line of credit refinanced at a lower interest rate but Wells Fargo keeps denying my application. They wo n't refinance my second mortgage so I can keep paying their outrageous high interest rate.,WELLS FARGO & COMPANY,CA,94577,2016-10-17 00:00:00+00:00,Closed with explanation,Yes,43,5,2016,UNKNOWN
2025-06-18 00:00:00+00:00,Credit reporting or other personal consumer reports,Credit reporting,Incorrect information on your report,Information belongs to someone else,"I have no knowledge of or involvement in the listed accounts. These entries are the result of fraudulent activity. Pursuant to 15 U.S. Code 1681g, I request immediate deletion within 15 days. All relevant documents are provided.","TRANSUNION INTERMEDIATE HOLDINGS, INC.",TX,77089,2025-06-18 00:00:00+00:00,Closed with non-monetary relief,Yes,37,0,2025,UNKNOWN
2025-07-02 00:00:00+00:00,Debt collection,Telecommunications debt,Attempts to collect debt not owed,Debt is not yours,"I am disputing a debt   claims I owe for home internet, cable TV, and voice services from late  to early . I did not knowingly authorize or agree to any of these services. I only had   and assumed any payments made were for that. I was never provided a contract, itemized breakdown, or confirmation that I enrolled in these home services. 

When I contacted , they claimed that by making payments, I entered into a verbal agreement. I disagree with this explanation. I made partial payments in good faith, assuming they were tied to my mobile account, not for home services I never used or agreed to. 

The debt is now in collections for {$380.00} and is being reported to my credit. I asked  to provide documentation proving I knowingly signed up for or authorized these services, but they could not produce it. 

I am requesting full removal of this account from all credit bureaus and written confirmation that I am not responsible for this debt, as I never agreed to the services in question.",Other,NC,28376,2025-07-02 00:00:00+00:00,Closed with explanation,Yes,175,0,2025,UNKNOWN
2025-08-05 00:00:00+00:00,Credit reporting or other personal consumer reports,Credit reporting,Incorrect information on your report,Information belongs to someone else,"This is a follow-up to my previous written dispute regarding fraudulent accounts and inquiries appearing on my consumer report. Per FCRA 605B ( 15 U.S.C. 1681c-2 ), you are required to block all information resulting from identity theft within four business days of receipt. 
The following accounts and inquiries do NOT belong to me and were obtained fraudulently without my consent : ACCOUNTS                                                                                                                                                                                                                                                                                                                                                                                               //","EQUIFAX, INC.",CA,90018,2025-08-05 00:00:00+00:00,Closed with non-monetary relief,Yes,64,0,2025,Untimely response
2017-06-23 00:00:00+00:00,"Credit reporting, credit repair services, or other personal consumer reports",Credit reporting,Problem with a credit reporting company's investigation into an existing problem,Their investigation did not fix an error on your report,"my complaint is regarding few late payments that credit bureau agencies are reporting, on few of my credit cards, which i have never been late, i have mentioned that it ought to be a banking error or a mistake through creditors end, but absolutely not my mistake. please help me to proof this absolute inaccuracy to them. they need remove this inaccurate delinquencies from my credit reporting agencies, such as   and transunion.","TRANSUNION INTERMEDIATE HOLDINGS, INC.",CA,91042,2017-06-23 00:00:00+00:00,Closed with explanation,Yes,72,0,2017,Closed with non-monetary relief
2025-11-06 00:00:00+00:00,Debt collection,Credit card debt,Communication tactics,Frequent or repeated calls,"I get constantly called from different numbers. Got one text, I block the number and get calls from different numbers. Can't block them, always new numbers they call from.","Portfolio Recovery Associates, LLC",CA,92113,2025-11-06 00:00:00+00:00,Closed with explanation,Yes,29,0,2025,Untimely response
2025-05-07 00:00:00+00:00,Vehicle loan or lease,Loan,Repossession,Loan balance remaining after the vehicle is repossessed and sold,"The vehicle was repossessed in  and was sold. However, the vehicle is still showing up on my credit report with the balance of {$24000.00} and is continuing to charge interest. I am extremely concerned about this as it is causing major hardship. This account has been on my credit report since  and I would like it removed.",Other,IL,XXXXX,2025-05-07 00:00:00+00:00,Closed with explanation,Yes,57,0,2025,UNKNOWN
2021-01-28 00:00:00+00:00,"Credit reporting, credit repair services, or other personal consumer reports",Credit reporting,Problem with a credit reporting company's investigation into an existing problem,Investigation took more than 30 days,", Transunion and  have overused their power of being consumer reporting agencies. With the unauthorized reporting, validating debt and other actions without my consent is noted according to Congress Law in the attached letters that I've previously sent via certified mail. These "" credit bureaus "" are not operating with in the boundaries of FCRA and FDCPA","TRANSUNION INTERMEDIATE HOLDINGS, INC.",NY,11423,2021-01-28 00:00:00+00:00,Closed with explanation,Yes,57,0,2021,UNKNOWN
2016-10-14 00:00:00+00:00,Consumer Loan,Vehicle loan,Taking out the loan or lease,Not applicable,"On //2016, I had purchased a truck from  . I told the finance manager I would have the funds to payoff the truck in 5-7 business days. They assigned Wells Fargo as the payee. They told me the payoff amount would be {$42000.00} as stated in the sales contract and that I would make that payment to Wells Fargo. About a week later, I received a statement from Wells Fargo dated //2016. The billing cycle due date on that statement as well as in the sales contract was //2016. There was no payoff amount in that statement and I had to call Wells Fargo to confirm the payoff balance. I didnt get the reps name, but I specifically asked her to give me the amount to payoff & close out my account and she had given me the same figure on the sales contract : {$42000.00}. I immediately went to my nearest Wells Fargo branch to payoff the vehicle. The receipt from the branch shows that {$42000.00} was posted to that account on //2016. Three weeks later I get a statement dated //16 from Wells Fargo that shows my account was not only open, but I was charged {$50.00} "" interest ''. Statement shows that account did not post for the full amount I made at the branch which resulted in the account being left open. I called the  # on the statement which is actually the collections dept for the Wells Fargo dealer services division. I got nowhere close to resolving this and none of the people including the "" supervisor '' would give me their full name or even the name of the top manager of that dept. The terms of the sales contract clearly states that I would pay no prepayment penalty. The contract was also very vague or wouldnt state at all when interest would start accruing and whether or not I would pay interest if account was payed off before billing cycle due date. I paid it off on  and the  due date was a month later on . Based on my past experience with other banks and financial institutions, Ive never had to pay interest on loans ( including auto ) when I paid off the balance in full before the billing cycle due date. I did not need to or wanted to take out a loan for the vehicle since I was able to pay it off in less that 7 business days. Had I known I would have problems with Wells Fargo, I wouldve stopped the dealership from involving Wells Fargo in the transaction and just pay the dealership directly. I 'm not just upset about the {$50.00} "" interest '' charge. I 'm also not surprised that Wells Fargo is using an unethical gray area loophole to keep my account open, extort "" interest '' charges '', and hold my car title hostage. I am filing this complaint because I want Wells Fargo to close out my loan account and release my car title regardless of whether or not I have to pay that {$50.00} "" interest '' charge. Because of Wells Fargo 's criminal indictment by the Justice Dept. for fraud and misconduct, I can not trust them to do the right thing.",WELLS FARGO & COMPANY,AZ,85260,2016-10-14 00:00:00+00:00,Closed with monetary relief,No,543,0,2016,UNKNOWN
2022-02-14 00:00:00+00:00,Debt collection,I do not know,Attempts to collect debt not owed,Debt is not yours,RPM ( Receivables Performance Management LLC ) has send a letter to my home regarding a debt from      ( original debtor is    ). that I do not owe. I lease a vehicle from  years ago that I eventually returned. The lease was paid out of my  earnings and vehicle was returned after a couple years with no issues. The original debtor never stated I had an unpaid balance because I did not. This debt is not valid nor accurate. The notice date of this debt is //2022.,Other,IL,60073,2022-02-14 00:00:00+00:00,Closed with explanation,Yes,87,0,2022,UNKNOWN
2025-07-02 00:00:00+00:00,"Money transfer, virtual currency, or money service",Domestic (US) money transfer,Other transaction problem,Not applicable,"I am filing a complaint against Cash App ( Block , Inc . ) due to inadequate customer service and unfair practices, which violate the Consumer Financial Protection Act ( CFPA ). Specifically, Cash App failed to take timely and effective measures to prevent and address fraud on their platform, leaving my account vulnerable and unprotected. Furthermore, their dispute resolution process was unfair and deceptive, as they did not comply with error resolution requirements under the Electronic Funds Transfer Act ( EFTA ) and Regulations E. These actions have caused significant inconvenience and financial loss, and I seek appropriate redress for these violations.","Block, Inc.",AR,720XX,2025-07-02 00:00:00+00:00,Closed with explanation,Yes,103,0,2025,UNKNOWN
2023-06-06 00:00:00+00:00,Checking or savings account,Savings account,Problem with a lender or other company charging your account,Transaction was not authorized,"A criminal was able to withdraw {$3700.00} from my GS-Marcus savings account just knowing my acct #. That money was transferred to a crypto currency exchange under a different name than mine! GS-Marcus website states that withdrawals can ONLY be made to EXTERNALLY LINKED ACCOUNTS, but the crypto-currency account ( with a different name than mine ) was NOT EXTERNALLY LINKED. 

GS-Marcus did not detect that unauthorized transfer- I did and notified them. After completing and sending back an unauthorized transfer form, the {$3700.00} was credited back to my account WITHOUT THE INTEREST DUE. I detected that after logging into my account. GS-Marcus never notified me of that credit. 

Despite numerous requests, an explanation was never received. That is in violation of CFPB Reg E which governs EFTs : "" A financial institution shall investigate promptly and, except as otherwise provided in this paragraph ( c ), shall determine whether an error occurred within 10 business days of receiving a notice of error. The institution shall report the results to the consumer [ Goldman/Marcus NEVER REPORTED THE RESULTS TO ME ] within three business days after completing its investigation. '' https : //www.consumerfinance.govXXXX # ",Other,CA,95050,2023-06-06 00:00:00+00:00,Closed with explanation,Yes,194,0,2023,Closed with monetary relief
2025-11-24 00:00:00+00:00,Checking or savings account,Checking account,Problem with a lender or other company charging your account,Transaction was not authorized,"//year> I have couple message on my email say my account is update. I call bank automated tell me is transaction made  dollars. And some  change phone number in account. 
I contact bank and they block my account, they say they will send some paper to sign and I need return. I ask can bank stop transactions and answer was no. Bank sended to my email link I need send copy of my SSN, some ID, some bill. 
Today I go to police sign police report I change email and use to sign this form. 
My email I use for bank is  Phone          NY  Bank name is wisely Phone ",Other,NY,142XX,2025-11-24 00:00:00+00:00,Closed with explanation,Yes,109,0,2025,Closed with non-monetary relief
2024-08-15 00:00:00+00:00,Credit card,General-purpose credit card or charge card,Getting a credit card,Card opened without my consent or knowledge,"//year> call from   no message, returned the call same day. Was asked my name/last 4 of ss # and address no match because I re-married 5yrs ago and relocated 4yrs 7mo ago. Asked if I opened an acct for a     and stated no, especially with a former last name and former address. Total of {$680.00} which was {$510.00} for purchase made on //year> in  and annual fee of {$170.00}. Transferred to fraud dept. I asked if a physical card was mailed to the former address and it was. What item (  ) was purchased and did not know may have been dept store, apparel store or a sporting good store. I called //year> with more questions but fraud dept was closed. I called on //year> to ask more about transaction. Was told    @ . I called and  processing credit card purchases on behalf of businesses. To get a receipt for the purpose of seeing the business the purchase amt, the date of purchase, Cvv, and credit card info needed. I did not have card info and concora would not give to me neither would they look up the ino on square.com/receipt. I met police on //year> and they went to home. denied any mail came to home but police retrieved letter for my son. Police report should be available  business days.",Other,NC,28270,2024-08-15 00:00:00+00:00,Closed with non-monetary relief,Yes,221,0,2024,Closed with explanation
2024-10-06 00:00:00+00:00,Credit reporting or other personal consumer reports,Credit reporting,Problem with a company's investigation into an existing problem,Their investigation did not fix an error on your report,"                          Consumer Dispute Center                  Dear Sir/Madam, The CRAs have a grave responsibility to ensure the accuracy and fairness of my consumer report. Despite multiple dispute attempts the CRA 's continue to incorrectly report inaccurate and misleading information to my consumer report, specifically the listed charged-off account ;      . The account was CLOSED // and is actively reporting "" last activity '' of //, // and //. 

This information is in direct violation of the Fair Credit Reporting Act ( FCRA ) and is adversely affecting my credit profile. The continued reporting of this account as charged off with a remaining balance is not only inaccurate but also misleading. The Internal Revenue Service ( IRS ) clearly defines a charged-off account as  with no remaining balance, in addition too, becoming TAXABLE INCOME to the consumer. To which I have never received any . The CRA 's action in reporting this account with a balance constitutes a violation of the FCRA by providing false, misleading, and unverifiable information. 

Furthermore, the inclusion of these accounts on my credit report without my explicit consent is a clear violation of my privacy rights. The FCRA mandates that consumer reporting agencies, such as ( , , Equifax ) have a duty to protect consumer information and ensure its accuracy. The CRAs actions in this matter represent a blatant disregard for these regulations. By reporting inaccurate and misleading information about me, the CRA 's have caused significant harm to my credit standing, limiting my access to credit and financial opportunities. This is a direct result of their ( , , Equifax ) negligence and failure to adhere to the FCRA. I demand the immediate deletion of the aforementioned charged-off account from my credit report. 

Additionally, I reserve the right to pursue all available legal remedies, including but not limited to monetary damages, for the harm caused by the CRAs violations of the FCRA. I have attached a copy of my credit report for your reference. I expect a timely response to this dispute, including written confirmation of the accounts deletion from my credit report. Thank you for your prompt attention to this matter. 

Best Regards,     ALL RIGHTS RESERVED","EQUIFAX, INC.",IL,60046,2024-10-06 00:00:00+00:00,Closed with non-monetary relief,Yes,360,0,2024,UNKNOWN
2020-04-13 00:00:00+00:00,"Payday loan, title loan, or personal loan",Installment loan,Struggling to pay your loan,Not applicable,"I was just furloughed due to COVID-19, and have asked my creditors to defer payments temporarily until I can sort out my new financial situation. All of them have responded positively by deferring my payments temporarily. 

I contacted Upgrade today ( //2020 ) to make the same request for deferment. I explained that I am impacted by COVID-19 and have been put on furlough. My normal payment is {$270.00} per month. The representative told me they can only take {$100.00} off of my payments, and then spent a full 60 seconds reciting the terms and conditions. I asked her for a copy of the terms in writing and she told me that they don't provide it in writing, even through email. The only part I understood in the rapid reading of the terms is that the payments are tacked on at the end, which at least helps. 

Regardless, I reluctantly agreed because I can't afford the other option which is to pay the full amount when I am struggling now to pay for rent and food. 

Would the CFPB be able to contact the lender and see about better terms on deferment? I have good credit, never miss payments on loans or rent, and am simply needing flexibility until I can sort out things financially. 

Thank you,  ",Other,CA,91702,2020-04-13 00:00:00+00:00,Closed with explanation,Yes,217,0,2020,UNKNOWN
2024-09-28 00:00:00+00:00,Credit reporting or other personal consumer reports,Credit reporting,Improper use of your report,Reporting company used your report improperly,"Upon reviewing my credit reports, I was surprised to discover that late payments were reported for an account in which I have never been late. As outlined by the Fair Credit Reporting Act ( FCRA ), credit reporting agencies are required to maintain the accuracy and integrity of the information they report. My payment history for the account  , account number , has always been timely and without issues. I want to make it clear that I am not requesting the removal of the account. My request is that all of my payments be updated to reflect the on-time payments I have made. 

Therefore, I am formally requesting an investigation into this matter and that documented proof, including payment records, be provided to support these reported late payments. If such proof can not be provided, I demand that these erroneous entries be corrected to reflect the accurate payment history. It is crucial that this matter be resolved promptly to ensure the accuracy of my credit profile, as is my right under the FCRA. Thank you for your prompt attention to this matter",Experian Information Solutions Inc.,FL,33837,2024-09-28 00:00:00+00:00,Closed with explanation,Yes,182,0,2024,UNKNOWN
2025-10-28 00:00:00+00:00,Credit reporting or other personal consumer reports,Credit reporting,Improper use of your report,Credit inquiries on your report that you don't recognize,"                               
Upgrade Inc Account #                                                                                                For all the above accounts : My records show payments were made on time or within the grace period. The late payment notations appear to be errors.",Other,NJ,07017,2025-10-28 00:00:00+00:00,Closed with explanation,Yes,31,0,2025,UNKNOWN
2025-02-19 00:00:00+00:00,Student loan,Federal student loan servicing,Struggling to repay your loan,Problem with your payment plan,"I borrowed {$45000.00} for my daughters   at the University    in . MOHELA has the loan and is now saying I owe over {$95000.00} plus interest ( acct    ). Approximately {$7000.00} was paid pre-pandemic and is missing from my account. My payments are over {$1000.00} per month now instead of the {$350.00} to {$400.00} I should be paying. I paid {$6000.00} in the past few months but am still behind. I am a federal employee and tried to use that to get a reduction since MOHELA will not fix their mistake. That failed too. My daughter,   was not a borrower since it was a parent loan. She is not a co-signer but it is now on her credit report as of today. I need this loan fixed so I can pay it and fix our credit. I am not looking not to pay anything. I want to pay only what I owe. Plus who knows if any of us will have a job in a few weeks. I am  and can not guarantee I will ever get another job if my agency is gutted. Plus what happens if the government shuts down in ? I am an essential employee and have to work whether I am paid or not.",Other,NY,140XX,2025-02-19 00:00:00+00:00,Closed with explanation,Yes,208,0,2025,Closed with explanation
2025-07-22 00:00:00+00:00,Checking or savings account,Other banking product or service,Managing an account,Problem accessing account,"I noticed that my connected  account wasn't updating my Coinbase balance. I attempted to login to Coinbase, and was stuck in a login loop. I'd enter my username, password, and simply be returned to the main login screen over and over. After attempting to recover my password, thinking I'd forgotten it, and attempting to login from multiple devices and their app with the same result, I attempted to file a support ticket. The vast majority of their support options are hidden behind a login, which I could not do. 

I eventually found a way to submit a ticket without being logged in, and no one responded for at least a day or , all the while I have lost access to my money. When they responded, they asked me to login to perform some tasks, completely ignoring the fact that I had contacted them because I could not login. 

Finally, I called them. After  hours on the phone with technical support, they indicated they needed to fix something ( would not tell me what it was ) and refused to give me an  for restoration of my money. I also experienced some scary emails indicating that my Coinbase wallet had been deauthorized in my country of residence. 

I have never moved. They have had theft issues. I'm concerned that my money is stolen, and they have not been honest with me. 

It has now been 7 days, I still have no answers, nor access to my account. When they do bother to respond, they tell me to login and do things, completely ignoring the fact that I can not do so.",Other,TN,370XX,2025-07-22 00:00:00+00:00,Closed with explanation,Yes,271,0,2025,Closed with explanation
2025-03-24 00:00:00+00:00,Credit reporting or other personal consumer reports,Credit reporting,Improper use of your report,Reporting company used your report improperly,"I,  , consumer, and natural person, am aware of all rights that I have, and which are protected by The Congress under the Fair Credit Reporting Act ( FCRA ). The account listed below has violated my federally protected consumer rights to privacy and confidentiality under 15 USC 1681. 
I didn't enter into any contract with     . These inquiries are fraudulent. They do not belong to me. I am victim of identity theft. These accounts have violated my rights. 
15 U.S.C 1681 section 602 A. States I have the right to privacy.

15 U.S.C 1681 Section 604 A Section 2 : It also states a consumer reporting agency can not furnish a account without my written instructions.

15 U.S.C 1681c. ( a ) ( 5 ) Section States : no consumer reporting agency may make any consumer report containing any of the following items of information Any other adverse item of information, other than records of convictions of crimes which antedates the report b more than seven years 15 U.S.C. 1681s-2 ( A ) ( 1 ) A person shall not furnish any information relating to a consumer to any consumer reporting agency if the person knows or has reasonable cause to believe that the information is inaccurate Delete these inquiries immediately, unless you want to be held {$1000.00} per violation.","EQUIFAX, INC.",IL,60477,2025-03-24 00:00:00+00:00,Closed with non-monetary relief,Yes,221,0,2025,Closed with explanation
2024-06-09 00:00:00+00:00,Debt collection,Other debt,Attempts to collect debt not owed,Debt was result of identity theft,"I never opened this account. This was opened under my name and reflects on my credit report, yet, this account does not belong to me. I've reached out to request a debt validation letter and I haven't received anything validating the debt.",Other,GA,30228,2024-06-09 00:00:00+00:00,Closed with monetary relief,Yes,42,0,2024,UNKNOWN
2025-08-20 00:00:00+00:00,Checking or savings account,Checking account,Opening an account,Didn't receive terms that were advertised,"I opened my personal checking account on //year> with a promotion for a {$300.00} bonus after direct deposits of {$2000.00} or more. I have met the terms of the promotion, but have not received the bonus. The agent I spoke with was unable to assist me in manually crediting the bonus.","BANK OF AMERICA, NATIONAL ASSOCIATION",TX,77382,2025-08-20 00:00:00+00:00,Closed with explanation,Yes,51,0,2025,UNKNOWN
2022-05-04 00:00:00+00:00,"Credit reporting, credit repair services, or other personal consumer reports",Credit reporting,Incorrect information on your report,Information belongs to someone else,"Upon reviewing my credit file, incorrect information was found in my reports. The TransUnion/  Credit Bureau has not complied with the Fair Credit Reporting Act, 15 USC Sections 1681i, and continued reporting as unverified information without any proof provided, within the time allowed by law, is not authorized. Below are the items that are reporting on my Credit Reports : Inaccurate Address :      , MO     , MO  //,        MO  //,   Original Creditor :       )  Balance : {$0.00},    Bankruptcy Reference # :  Date Filed/Reported : //,  //,   //,   //                                                                                            ","TRANSUNION INTERMEDIATE HOLDINGS, INC.",MO,63136,2022-05-04 00:00:00+00:00,Closed with non-monetary relief,Yes,88,0,2022,UNKNOWN
2022-05-16 00:00:00+00:00,"Credit reporting, credit repair services, or other personal consumer reports",Credit reporting,Incorrect information on your report,Information belongs to someone else,"It has been a battle going through this and I am writing to delete the following fraudulent information in my file. The items I need deleted are listed in the report. I am a victim of identity theft and did not make the charge nor accounts. I ask that the items be deleted to correct my credit report. I reported the theft of my identity to the Federal Trade Commission and I also have enclosed copies of the Federal Trade Commission 's Identity Theft Affidavit. I offer my testimony herein that I have not authorized or given anyone access to my private and confidential records and certainly not the alleged    ( Original Creditor :        )  Balance Owed : {$370.00},   Original Creditor :       OF )  Balance Owed : {$890.00},  ( Original Creditor :       OF )  Balance Owed : {$230.00}  ( Original Creditor :       OF )  Balance Owed : {$370.00} ;  ( Original Creditor        OF )  Balance Owed : {$160.00} ;   ( Original Creditor :   )  Balance Owed : {$79.00} ; Medical   Balance Owed : {$240.00} ; Medical   Balance Owed : {$220.00} ;    Balance Owed : {$370.00} ;     , MO  ;       , MO  ;     , MO     ;     Inquiry Date //  /    Inquiry Date //  RESIDENT VERIFY Inquiry date // ;   Inquiry Date // ;     Inquiry Date // ;  Inquiry Date // ; showing on my credit report  I therefore request that you immediately remove this items from my credit report with your firm, or provide me with the exact source where you received such information, so I may take appropriate legal action. Please delete the items as soon as possible.",Experian Information Solutions Inc.,MO,63033,2022-05-16 00:00:00+00:00,Closed with non-monetary relief,Yes,268,0,2022,UNKNOWN
2025-02-03 00:00:00+00:00,"Money transfer, virtual currency, or money service",International money transfer,Other transaction problem,Not applicable,"I sent a certified notice to Foursight capital requesting transaction documents that were not disclosed to me when the deal took place, when I called about the notice and asked the questions all over again, wanting them to prove their position they refused and now they are trying to take my vehicle which is how I get to work",Other,TN,377XX,2025-02-03 00:00:00+00:00,Closed with explanation,Yes,59,0,2025,Closed with explanation
2025-09-12 00:00:00+00:00,Debt collection,Auto debt,Attempts to collect debt not owed,Debt was result of identity theft,"I am formally disputing fraudulent accounts currently listed under my name on my credit report. I never authorized, opened, or maintained these accounts, and their reporting is completely false. Their presence misrepresents my financial history, damages my creditworthiness, and compromises the integrity of my credit file.","TRANSUNION INTERMEDIATE HOLDINGS, INC.",TX,76244,2025-09-12 00:00:00+00:00,Closed with non-monetary relief,Yes,46,0,2025,Closed with explanation
2023-08-15 00:00:00+00:00,"Credit reporting, credit repair services, or other personal consumer reports",Credit reporting,Incorrect information on your report,Information belongs to someone else,"This is my several Complaint that I was the victim of identity theft. Per Fair Credit Reporting Act Section 605B ( a ) you are require to remove/block any items which were opened without my knowledge, consent or authority within 4 business days with ( 1 ) appropriate proof of the identity of the consumer ; ( 2 ) a copy of an identity theft report ; ( 3 ) the identification of such information by the consumer; and ( 4 ) a statement by the consumer that the information is not information relating to any transaction by the consumer. 
    , IL      Balance : {$0.00}    Balance : {$10000.00}    : {$3200.00}   Balance : {$1500.00}   Balance : {$1600.00}    Balance : {$830.00}     Balance : {$2100.00}    Balance : {$10000.00}   Balance : {$1500.00}   Balance : {$1600.00}    Balance : {$830.00}    Balance : {$2100.00}    Balance : {$3200.00}     Balance : {$0.00}    Balance : {$2100.00}    Balance : {$3200.00}","TRANSUNION INTERMEDIATE HOLDINGS, INC.",IL,604XX,2023-08-15 00:00:00+00:00,Closed with non-monetary relief,Yes,149,0,2023,Closed with explanation
2023-12-28 00:00:00+00:00,Debt collection,I do not know,Attempts to collect debt not owed,Debt was result of identity theft,"Hey my  name is    I have recently discovered unauthorized fraudulent OPEN AND CLOSED ACCOUNTS and INQUIRIES on my  , Transunion 's And    report To whom it may concern : I am officially asking you to review your data on file for me! Per the Fair Credit Reporting Act ( FCRA ) section 611 ( 15 U.S.C. 1681 I ), I challenge all inaccuracies and deficiencies of reporting. Per the FCRA compliance standards, my profile shall be accurate and complete. Your verification of the information shall be timely, and you should be able to document and provide proof of your verification process of all the information within my credit report. The information in my credit report and below was never proven factual or compliantly reported. I have consumer rights, and I am deciding to exercise those rights to demand that factually accurate, verified, and compliant data be documented and included on my credit report. I also require the permanent removal of any inaccuracies immediately! I also demand that you investigate the source of each account and ensure that each creditor has a permissible purpose for all inquiries within my credit profile.","TRANSUNION INTERMEDIATE HOLDINGS, INC.",NC,27707,2023-12-28 00:00:00+00:00,Closed with non-monetary relief,Yes,190,0,2023,UNKNOWN
2023-03-11 00:00:00+00:00,"Credit reporting, credit repair services, or other personal consumer reports",Credit reporting,Problem with a credit reporting company's investigation into an existing problem,Their investigation did not fix an error on your report,"We previosuly filed a complaint with Bank of America -- case # .   from the regulatory complaint dept responded. First off ... . should not be representing any executive response unit if she can not return calls. After receiving response, she did not return 3 phone message that were left for her. Awful customer service and again not a good representation of the company if she can not return phone calls. Secondly, she never addressed the credit INQUIRY on my credit report. I want the hard inquiry removed. Thirdly, when we received the response one of the letters had an address of a letter addressed to  ,     VA . Where did this address come from? Did the perpetrator change it to that? I need answers. Also, , I told her I placed credit freezes on and she addressed it again. She is just not a good reader or responder. I would like someone else from the company to answer the original request about the INQUIRY and also the subsequent address for which I have never been associated with. 
Respectfully   ","BANK OF AMERICA, NATIONAL ASSOCIATION",OH,450XX,2023-03-11 00:00:00+00:00,Closed with non-monetary relief,Yes,179,0,2023,UNKNOWN
2022-12-06 00:00:00+00:00,"Credit reporting, credit repair services, or other personal consumer reports",Credit reporting,Problem with a credit reporting company's investigation into an existing problem,Difficulty submitting a dispute or getting information about a dispute over the phone,Hi I am submitting this   this isn't any influence and this is not a third party. TransUnion has low and unfair credit number for me in their report. I have complained more than  times nonstop this is exhausting im depressed they are not putting these fraudulent inquiries in dispute and accounts and they still haven't deleted them either I am depressed. The problem has not been resolved. my fico has me at a   over  transunion has me at a score around . That is a huge difference. transunion paints me as a . my fico say I have good credit. What the heck is going on here. i have almost no debt and my identity was stolen causing my score to drop  i made this clear for 90 days straight with transunion i spoke to a representative agent name  and  and  and  and hope from the fraud department I prefer to speak to a  rept but they refused they had me on mute for  hours which was hurtful I have a perfect repayment record. I have very low credit utilization. I have  negative credit items outstanding debt now that is not mines. I have modest but ok income. Social Security. Something is wrong with Transunion. I do not understand why they are abusing consumers they don't help you at all This was a first step towards attempting resolution. They kept lying telling me they disputed  its not reporting but it keep reporting this inaccurate information without my authorization. They refused or were unable to verify  remove the inquiries and negative account its been   they record the calls  admitted they had my police report  ftc and affidavit That was after attempting to contact Transunion more than  times in the last 120 days. transunion is an abusive company. They are supposed to be protecting consumers. They need to be reigned in. they are causing me severe  and stopping me from getting this job offer  now  homeless  cant provide to my    daughter PLEASE HELP ME PLEASE  depressed now.with no help they keep ignoring me after I keep telling them repeatedly they are hurting my character of my name they won't respond and it not even in investigation with and me and my son are bout to be homeless please help I cant live like this,"TRANSUNION INTERMEDIATE HOLDINGS, INC.",GA,303XX,2022-12-06 00:00:00+00:00,Closed with non-monetary relief,Yes,382,0,2022,UNKNOWN
2017-05-06 00:00:00+00:00,Credit card or prepaid card,General-purpose credit card or charge card,Getting a credit card,Card opened as result of identity theft or fraud,"Chase Ban k USA N.A.  has made credit inquiries against my account o n 4 diffe rent dates and has opened an  AMAZON.COM Visa Signature credit card in my name, on the last credit pull, I was sent a letter stating they received an ap plication and needed more information about my income and financial obligations to make a decision.     The dates my credit were pulled are :      ,         ,         ,         ,    I contacted  Chase  at the number provided on the letters and/or credit card sent and notified them that this was not a valid application.     On the first  three  dates       -      ,  Chase  recorded a fraud investigation and determined that the application was fraudulent but would not tell me where the application came from, I notified my credit bureau 's each time. I requested each time that my name be included as having fraudulent activity request and to be excluded from any credit inquiries and was assured they had marked these as fraudulent.     I am in the process of contacting  Chase  for the last letter received from the      ,    inquiry.     I feel that  Chase  is knowingly and unethically phishing for customer accounts by using existing information they have about their customers to obtain new accounts.     I have had a  Chase   Freedom  card for over 3 years and feel that my information was obtained from my existing account.     I want to determine how I can stop this activity without having to freeze my credit in which there is a fee to freeze and unfreeze my account. This has also caused unnecessary activity on my credit reports.     Chase should stop this "" phishing '' activity, it is obvious they are using existing customer information as it has been determined that the information was not an external request for credit.     My credit accounts have been marked with fraudulent activity from Chase but somehow they are still able to pull my credit.",JPMORGAN CHASE & CO.,VA,23111,2017-05-06 00:00:00+00:00,Closed with explanation,Yes,319,0,2017,UNKNOWN
2015-07-15 00:00:00+00:00,Debt collection,Mortgage,Communication tactics,Frequent or repeated calls,"Every month my wife and I each get  harassing phone calls from Nationstar Mortgage. We are current on the mortgage, but every month calls start at the  and escalate in frequency until we pay at the . I have told them that I get paid on the  and they should stop calling. They said that was n't possible. 
The calls stop as soon as we pay. The due date is the  of the month but there is n't a late fee until the .",Other,IL,60110,2015-07-15 00:00:00+00:00,Closed with non-monetary relief,Yes,84,0,2015,Closed with explanation
2023-08-30 00:00:00+00:00,Credit card,General-purpose credit card or charge card,"Other features, terms, or problems",Other problem,"I was charged fraudulent by  . I dispute this charge.But Citi Bank was unfair dealt with.     doesnt repair my car at all, But    company forced me to take out my credit card to pay in .I disputed $    company threatened me.Citi Credit Card company was unfair in handling my dispute.","CITIBANK, N.A.",CA,92040,2023-08-30 00:00:00+00:00,Closed with explanation,Yes,50,0,2023,Closed with explanation
2022-01-21 00:00:00+00:00,"Credit reporting, credit repair services, or other personal consumer reports",Credit reporting,Problem with a credit reporting company's investigation into an existing problem,Their investigation did not fix an error on your report,I've been a victim of identity theft. The inquiry listed should be removed as this is fraudulent and unauthorized. Inquiry :  //2021.,"EQUIFAX, INC.",NY,10034,2022-01-21 00:00:00+00:00,Closed with explanation,Yes,22,0,2022,Closed with non-monetary relief
2020-07-19 00:00:00+00:00,"Money transfer, virtual currency, or money service",Domestic (US) money transfer,Other service problem,Not applicable,Wont let me connect my account,Other,IL,60077,2020-07-19 00:00:00+00:00,Closed with explanation,Yes,6,0,2020,UNKNOWN
2016-09-20 00:00:00+00:00,Bank account or service,Checking account,Deposits and withdrawals,Not applicable,"On  , 2016, I deposited  checks totaling more than {$15000.00} in an ATM machine at a PNC branch during business hours. The checks jammed. The PNC employees were able to retrieve the checks and they sent them in to be processed. They filed a "" dispute '' report even though it was their fault. A few weeks later they issued a provisional credit that was {$5.00} less than the amount that was originally supposed to be deposited to my account while they investigated. I noticed that the original checks had cleared but that they were not in my checking account. Note :  of the checks was drawn from PNC (! ).  would think it would be easy to trace for PNC. I received a letter saying to send copies of the cancelled checks in to PNC. I sent them by certified mail to the address that they mentioned in the letter and received the US Postal confirmation to show that PNC received them. I received a letter dated  , 2016 saying they would be withdrawing the provisional credit on  , 2016 and that they had found no errors. I went to my local bank branch to complain about this. The PNC employee that I spoke with, sent copies of the cancelled checks and receipt from US Postal Service into the PNC  . She said that she could not prevent the bank from taking out the provisional credit out of my account right away. It would take several days. My husband had to write a check to prevent any checks from bouncing since we would be leaving for  in a couple days. Finally, on //16 the provisional credit was issued to my account for the full amount. But as of today, //16, they are still investigating it and the checks have not been deposited. I received a letter from PNC dated //16 stating that they need copies of the cancelled checks. If they do n't received them by //16, they will "" base our decision on the information available ''. I take this to mean they will reverse the provisional credit again. 
I told the PNC employee at my local branch on yesterday  //16  and she recent the cancelled checks once again.",Other,PA,190XX,2016-09-20 00:00:00+00:00,Closed with explanation,Yes,371,0,2016,UNKNOWN
2022-04-23 00:00:00+00:00,"Credit reporting, credit repair services, or other personal consumer reports",Credit reporting,Improper use of your report,Reporting company used your report improperly,"In accordance with the Fair Credit Act   account numbers      , ,  , ,  ,   , ,  . Has violated my rights. 

15 U.S.C. 1681 section 602 A. States I have the right to privacy.

15 U.S.C. 1681 section 604 A. Section 2 : It also states a consumer reporting agency can not furnish an account without my writing instructions.",Experian Information Solutions Inc.,AL,366XX,2022-04-23 00:00:00+00:00,Closed with explanation,Yes,59,0,2022,UNKNOWN
2024-03-19 00:00:00+00:00,Debt collection,Telecommunications debt,Attempts to collect debt not owed,Debt is not yours,"I sent a letter for validation of the said account to Transworld Systems INC., whom I have no knowledge of an agreement nor contract with and have not received validation nor correspondence in an effort to correct said debt. I have no knowledge of said debt.",Other,GA,303XX,2024-03-19 00:00:00+00:00,Closed with explanation,Yes,46,0,2024,UNKNOWN
2020-10-31 00:00:00+00:00,"Money transfer, virtual currency, or money service",Domestic (US) money transfer,Other transaction problem,Not applicable,".On //, ( not sure if this ' the right date ) two transfers were made to my account. One for {$30.00}, and an other for $ .As a standard transaction procedure, I received a message from PayPal about those two transactions, stating that they were deposited to my account. Upon checking my account, however, the funds were not available on there. I immediately sent a message alerting customer service about the missing funds. A reply stated that they were. I questioned whether they might have been deposited to a previous account that I've submitted, that I had to replace by the latest that I've provided. The representative did not confirm nor denied that possibility. A back and forth ensued on this issue, to no avail. I called my bank, that couldn't verify the deposit, I was told since the said account, was already closed.Ever since that month, PayPal has been either reluctant or unwilling to bring this issue to a close. Being so frustrated with this issue, I had closed my account with PayPal.","Paypal Holdings, Inc",MD,21133,2020-10-31 00:00:00+00:00,Closed with explanation,Yes,175,0,2020,Closed with explanation
2024-10-26 00:00:00+00:00,Debt collection,I do not know,Attempts to collect debt not owed,Debt was result of identity theft,I have no acknowledgment of this account  Amount : {$1600.00},Other,VA,22408,2024-10-26 00:00:00+00:00,Closed with non-monetary relief,Yes,10,0,2024,Closed with explanation
2023-10-26 00:00:00+00:00,Credit reporting or other personal consumer reports,Credit reporting,Incorrect information on your report,Account status incorrect,"Hello, so I have made my mortgage payment on // I sent them a check through USPS and I sent them proof that I sent the check. I sent them a copy of the check and the USPS dated stamp confirming that they have received the mail on //. Somehow Mr Cooper claims that they have received my check until , which either it got lost in the mail or someone misplaced my check in the company and forgot to deposit it.. because I mailed this out // with proof, When I saw in  that it did not post in my account I immediately made two online payments for  to be on the safe side... Seeing that they don't receive my checks.. 

I sent them in proof with everything and they have not done anything all they say is that I made payment on  even though they have received my checks and confirmed they have received it and they have confirmed they have seen the dates and the USPS confirmation for // but they still have failed to remove that from my credit report and update the credit bureau companies that I'm up to date with payments and I was never late.",Other,NY,109XX,2023-10-26 00:00:00+00:00,Closed with explanation,Yes,202,0,2023,Closed with explanation
2026-01-08 00:00:00+00:00,Credit card,Store credit card,Fees or interest,Problem with fees,"in  of   there was a account opened in myt name that I did not request or authorize. Upon further investigation it was discovered that while my daughter was shopping on line at   somehow a ccount was opened in my name, She did have my other bank card from a different bank to make the purchase with my consent and approval. The purchase went through without a problem and then a month later i get a paper bill from Comenity bank for a purchase at   not only was a account opened it was closed for a reason of prior bad experience with me. I did not authorize a account to be opened. I did pay the bill off and am still keep getting hit with these ghost fees, the latest  is a  dollar charge for interest on a  ( zero ) balance. It seems like they are trying to just keep getting money from me for a account I did not authorize, yes my daughter did recive the products and yes i did authorize her to do so. Upon further google searches it appears that comenity has a instant approval thing called "" the shopping cart trick '' unbeknownst to my daughter she thought it was my credit card that was already saved into my home home computer and continued with the purchase. Deceptive on the part of Comenity in my opinion. In addition to that another account was opened in my name 1 month later ( //year> ), opened and closed with no charges however it did hit my credit report and affected my credit history time. I did not authorize neither account","Bread Financial Holdings, Inc.",NY,10710,2026-01-08 00:00:00+00:00,Closed with monetary relief,Yes,273,0,2026,UNKNOWN
2020-12-15 00:00:00+00:00,Vehicle loan or lease,Loan,Problems at the end of the loan or lease,Problem with paying off the loan,"Please be advised I paid off Bridgecrest the middle of , with a refinance from     they cashed the check on //2020 and have refused to show the account as paid in full. 

I have been contacting them to resolve this issue since  with no resolution.",Other,IL,60423,2020-12-15 00:00:00+00:00,Closed with explanation,Yes,45,0,2020,UNKNOWN
2022-04-09 00:00:00+00:00,"Credit reporting, credit repair services, or other personal consumer reports",Credit reporting,Improper use of your report,Credit inquiries on your report that you don't recognize,please delete these unauthorized inquiries :                                                                Please delete these inaccurate Addresses :       .     ,Experian Information Solutions Inc.,TX,77053,2022-04-09 00:00:00+00:00,Closed with explanation,Yes,13,0,2022,UNKNOWN
2022-03-18 00:00:00+00:00,"Credit reporting, credit repair services, or other personal consumer reports",Credit reporting,Incorrect information on your report,Personal information incorrect,"I never lived at this address :    #  , FL  I tried to remove the address from my report but the company refused to remove the incorrect information.

15 usc 1681i",Experian Information Solutions Inc.,FL,33025,2022-03-18 00:00:00+00:00,Closed with explanation,Yes,31,0,2022,UNKNOWN
2020-08-22 00:00:00+00:00,"Credit reporting, credit repair services, or other personal consumer reports",Credit reporting,Problem with a credit reporting company's investigation into an existing problem,Their investigation did not fix an error on your report,"I have a loan with  , DISCOVERBANK, and    . I have always made my payments on time. As you can see, I have always had a stellar payment record with this company. I tried contacting , , ,  , DISCOVERBANK, and    with no successful resolution. There was definitely an error on their part.",DISCOVER BANK,SC,29621,2020-08-31 00:00:00+00:00,Closed with explanation,Yes,53,9,2020,UNKNOWN
2019-09-30 00:00:00+00:00,Student loan,Federal student loan servicing,Dealing with your lender or servicer,Trouble with how payments are being handled,"My student loan servicer is FedLoan Servicing. I am working to achieve Public Service Loan Forgiveness ( PSLF ) on my student loans. PSLF requires 120 on-time monthly payments. Due to low income and family size, my monthly payment was set at {$0.00} from // until //. During that time, I should have received credit every month for on-time payments even though the payment required was {$0.00}. However, on my Fedloan account, I am not receiving credit for about 15 months of {$0.00} payments ( // -  ,  , and   - // ). I have contacted Fedloan Servicing a few times about this issue. Each time I call, they assure me that the problem will be resolved and that I should receive credit for those months but, I never do. Each Fedloan employee I have spoken to reviews my account and can see that I have called before and the actions taken by previous employees and they say that "" this time '' it will be fixed. It is still not fixed. On //, I was told that my account would go through a qualifying payment review and the process should only take a couple months. As of today,  , , a Fedloan employee is still unable to give me any information about the status of the review.",Other,LA,706XX,2019-09-30 00:00:00+00:00,Closed with non-monetary relief,Yes,218,0,2019,Untimely response
2025-11-13 00:00:00+00:00,Debt collection,I do not know,Attempts to collect debt not owed,Debt was paid,"I hired a property management company,    , managed my property, due to company 's agent wrongful practice and breach of contract, I fired the company and terminated their service. Later, they claimed that I owned them fees and asked a  party collection company,   , to collect the debt. There is no debt or fees owned due to their breached of contract! 

My credit score went from  to  because of the  XXXXarty collection company 's wrongfully misconduct.",Other,CA,945XX,2025-12-09 00:00:00+00:00,Closed with explanation,Yes,76,26,2025,Closed with explanation
2025-05-08 00:00:00+00:00,Prepaid card,Gift card,Unexpected or other fees,Not applicable,"My CashApp account was closed due to Fraud activity. I stated to Block I never opened a business account with my personal account. They ignored me and sent me a 1099-K. I had no other options with them.

Because of my persistence, l later, received a letter from block stating that my quote affected account was identified in a potential hack.

No further action was taken on their behalf.

Please assist me in getting this resolved.","Block, Inc.",MI,480XX,2025-05-13 00:00:00+00:00,Closed with explanation,Yes,76,5,2025,Closed with explanation
2020-10-13 00:00:00+00:00,Mortgage,Conventional home mortgage,Closing on a mortgage,Not applicable,"The //20 "" Loan Estimate '', "" Closing Cost Details '' lists two items : Funding Fee {$250.00} and Underwriting Fee {$1000.00}. 

The //20 "" Closing Cost Details '' has a new entry :  of Loan Amount ( Points ) {$980.00}. 
When asked about this charge, the broker (   ) replied on //20, "" The {$980.00} charge is being added due to the current market conditions. "" I responded on //20, "" Adding  unilaterally and without informing me, ie, leaving it up to me to spot it, is called bait & switch. Sleazy. "" Broker responded //20, "" I am not being sleazy. The fee that got added from my investor was actually 0.50 % of the loan amount and computed to {$1600.00}. I only added {$980.00} and took a hit for {$640.00}. '' I responded on //20, "" If your investor added 50 bps as a condition of approving the loan than that information MUST be conveyed to me for my acceptance or rejection. 

If your investor added 50 bps because of the new law mandating that cost, theyve applied incorrectly to me since their loan commitment to me PREDATES the law change so the 50 bps does not apply. Someone is being sleazy, dont you think?? '' Broker responded //20, "" We should have updated payoff later today. Once we have it we will email the final CD for review. '' but I did not receive the updated payof. 

On //20, I asked broker again to withdraw my loan application, per my first request to withdraw on //20.",Other,MD,206XX,2020-10-29 00:00:00+00:00,Closed with explanation,Yes,260,16,2020,UNKNOWN
2024-10-16 00:00:00+00:00,Debt collection,I do not know,Communication tactics,"You told them to stop contacting you, but they keep trying","Ive received maybe four calls and four text messages from Spring Oaks Capital claiming I have debt from    Ive asked for written verification of the debt and to only contact me via mail moving forward and they continue to call. They have my name, phone number, all of our mail is forwarded from previous addresses, and the debt does not even appear on my credit report because it can not be substantiated. I have two collections on my credit report, neither of which are Spring Oaks Capital.",Other,TX,75044,2024-10-16 00:00:00+00:00,Closed with non-monetary relief,Yes,87,0,2024,UNKNOWN
2022-08-24 00:00:00+00:00,Checking or savings account,Checking account,Opening an account,Account opened as a result of fraud,"On //2022 I recieved an email from Bank of America ( "" BOA '' ) which stated that an online application for an   Banking Account was in progress. I didn't pay much attention to it becuase I thought it was a phishing email. 

On //2022 I recieved an email that stated "" We're sorry but we're unable to open your Bank of America account ( s ) online. However we can help you open your account at a local financial center. '' I decided to take a closer look at this email and saw that it was actually coming from BOA. I gave the bank a call to report this. I do not now or ever had an account with BOA. These emails are a result of fraud and identty theft. I reported this to the "" Check Fraud Department ''. While speaking with the representative, I asked for all the information that was sent to BOA in order to open the account, including a copy of the application. 

The representative that I spoke with refused to give me this information. She stated that the information was "" greyed out ''. I asked to speak to a superior and she said they would call me within 24-48 hours. I never received a call from anyone at BOA. 

On //2022 I received another email from BOA which asked me to verify my email address. This lets me know that BOA is still in possession of my information and has provided me with no proof that an account was in fact not opened using my identity. 

BOA is aiding in identity theft and fraud by refusing to give me information I have a right to.","BANK OF AMERICA, NATIONAL ASSOCIATION",PA,19128,2022-08-24 00:00:00+00:00,Closed with explanation,Yes,283,0,2022,UNKNOWN
2023-01-18 00:00:00+00:00,"Credit reporting, credit repair services, or other personal consumer reports",Credit reporting,Incorrect information on your report,Information belongs to someone else,"Hi I am submitting this   this isn't any influence and this is not a third party. TransUnion has low and unfair credit number for me in their report. I have complained more than 88 times nonstop this is exhausting im depressed they are not putting these fraudulent inquiries in dispute and accounts and they still haven't deleted them either I am depressed. The problem has not been resolved. my fico has me at a credit score over 709 transunion has me at a score around 590. That is a huge difference. transunion paints me as a . my fico say I have good credit. What the heck is going on here. i have almost no debt and my identity was stolen causing my score to drop n i made this clear for 90 days straight with transunion i spoke to a representative agent name  and  and  and  and   from the fraud department I prefer to speak to a us rept but they refused they had me on mute for 4 hours which was hurtful I have a perfect repayment record. I have very low credit utilization. I have one negative credit items outstanding debt now that is not mines. I have modest but ok income. Social Security. Something is wrong with Transunion. I do not understand why they are abusing consumers they don't help you at all This was a first step towards attempting resolution. They kept lying telling me they disputed n its not reporting but it keep reporting this inaccurate information without my authorization. They refused or were unable to verify n remove the inquiries and negative account its been 60days n they record the calls n admitted they had my police report n ftc and affidavit That was after attempting to contact Transunion more than 88 times in the last 120 days. transunion is an abusive company. They are supposed to be protecting consumers. They need to be reigned in. they are causing me severe  and stopping me from getting this job offer n now im homeless n cant provide to my     daughter PLEASE HELP ME PLEASE im depressed now.with no help they keep ignoring me after I keep telling them repeatedly they are hurting my character of my name they won't respond and it not even in investigation with and me and my son are bout to be homeless please help I cant live like this The credit bureaus never did a proper "" investigation '' according to the FCRA. Section 1681a of the Fair Credit Reporting Act defines an investigative consumer report as a consumer report or portion thereof in which information on a consumer 's character, general reputation, personal characteristics, or mode of living is obtained through personal interviews with neighbors, friends, or associates of the consumer reported on or with others with whom he is acquainted or who may have knowledge concerning any such items of information. They did not do this. Also they have violated my rights even more. The credit bureaus stated my account was properly investigated but how is that possible if I never gave these creditors WRITTEN CONSENT OR AUTHORIZATION TO USE MY PERSONAL INFORMATION TO OPEN OR CLOSE ANY ACCOUNT. THESE BALANCES IS IN ACCURATE, PAYMENT STATUS AND HISTORY IN ACCURATE, LAST ACTIVITY DATE IS IN ACCURATE, ALL INFORMATION REGARDING THESE NEGATIVE INSTALLMENT LOAN IS INACCURATE.Someone is using my personal information pretending to be me to obtain credit. I don't know anything about this fraudulent account. I don't have any closed OR OPEN accounts with THESE LISTED CREDITORS BELOW WITH MY DOCUMENTATION. Also they have violated my rights even more In accordance with the Fair Credit Reporting Everything has to be 100 % accurate on my credit report. The credit bureaus stated it was properly investigated but how is that even possible if THESE CREDITORS DID NOT GET ANY WRITTEN SIGNATURE, CONSENT OR AUTHORIZATION FROM ME. This account is fraud and does not belong to me, this is in accurate, I have never opened or closed any account with THESE CREDITORS I ask for documents with signature or authorization, they did not submit my request.This grounds for removal and deletion immediately. I never gave THESE CREDITORS ANY WRITTEN CONSENT OR AUTHORIZATION TO USE MY PERSONAL INFORMATION TO OPEN THIS ACCOUNT. THIS IS FRAUD. I'VE ASK FOR SIGNED DOCUMENTS WITH MY SIGNATURE GIVING WRITTEN CONSENT TO OPEN THIS FRAUDULENT CREDIT ACCOUNTS. SOMEONE USE MY PERSONAL INFORMATION PRETENDING TO BE ME WITHOUT MY AUTHORIZATION OR CONSENT TO OPEN OR CLOSE ANY CREDIT ACCOUNT WITH THESE CREDITORS BELOW They also violated the law because according to 15 U.S.C 1681 section 602 A. states i have the rights to privacy 15 U.S.C 1681 section 604 section 2 : it also states a consumer reporting agency can not furnish a account without my written consent. In accordance with the Fair Credit Reporting act WITH THESE CREDITORS BELOW  AND  AND TRANSUNION has violated my rights. 15 U.S.C 1681 section 602 A. States I have the right to privacy. 15 U.S.C 1681 Section 604 A Section 2 : It also states a consumer reporting agency can not furnish a account without my written instructions 15 U.S.C 1666B : A creditor may not treat a payment on a credit card account under an open end consumer credit plan as late for any purpose SECTION 604 15 U.S CODE 1681 B THE LAW STATES THAT NO ONE CAN FURNISH INFORMATION ON MY CREDIT REPORT WITHOUT MY CONSENT. SECTION 605 A 15 U.S CODE 1681 C-1 WITH NO WRITTEN CONSENT OR INSTRUCTIONS THAT WOULD IN FACT BE IDENTITY THEFT SECTION 605 B 15 U.S CODE 1681C A copy of section 605B of the Fair Credit Reporting Act, whichrequires you to block the.fraudulent information on my credit report resulting from identity theft within four business days and to promptly notify the furnisher ( s ) of that information. Please block this information from my credit report, pursuant to section 605B of the Fair Credit Reporting Act, and send the required notifications to all furnishers of thisinformation.","TRANSUNION INTERMEDIATE HOLDINGS, INC.",IL,60619,2023-01-18 00:00:00+00:00,Closed with non-monetary relief,Yes,1007,0,2023,UNKNOWN
2015-11-08 00:00:00+00:00,Credit reporting,Not applicable,Improper use of my credit report,Report improperly shared by CRC,"This is a formal complaint against TRANSUNIONAccording to my credit report,   is currently reporting to TRANSUNION that I applied for credit with   on //2015 I did not grant TRANSUNION authorization to provide access to my credit report to   ; or share my credit report with  . 

The Fair Credit Reporting Act requires that a creditor be able to verify the written authorization of the consumer giving the creditor permission to review their credit. If you can provide a copy of a credit application authorizing the disclosure of my credit files with my signature, I will accept the inquiry. If a signed authorization can not be found please remove the inquiry. 

The presence of this inquiry is adversely affecting my credit report.  is of the essence so I would greatly appreciate a response from you immediately. Please mail me the copy of a signed application or a letter indicating your intention to delete the inquiry.","TRANSUNION INTERMEDIATE HOLDINGS, INC.",WA,98374,2015-11-08 00:00:00+00:00,Closed with explanation,Yes,154,0,2015,Closed with explanation
2025-09-26 00:00:00+00:00,Credit reporting or other personal consumer reports,Credit reporting,Incorrect information on your report,Information belongs to someone else,"I am formally requesting that the Consumer Financial Protection Bureau ( CFPB ) immediately enforce corrective action against  and LexisNexis for persistent and repeated violations of federal law. Over 30 days ago, I submitted detailed written disputes, comprehensive identity theft documentation, and supporting evidence. The bureaus have unlawfully failed to comply with their statutory obligations under the Fair Credit Reporting Act ( FCRA ) and associated federal laws, constituting further violations. Violations Committed by THE BUREAUS : 15 U.S.C. 1681 ( FCRA 607 ( b ) ) : Failure to maintain maximum possible accuracy. FCRA 611 ( a ) ( 1 ) ( A ) : Failure to investigate consumer disputes within the statutory 30-day timeframe. FCRA 611 ( a ) ( 6 ) : Failure to conduct reinvestigations and provide findings. 15 U.S.C. 1692g : Failure to notify the consumer of alleged debts within the required timeframe. Gramm-Leach-Bliley Act ( 15 U.S.C. 68016809 ) : Failure to adequately safeguard consumer personal information. 18 U.S.C. 1028 : Identity theft and unauthorized misuse of personal data. 15 U.S.C. 1681g ( e ) : Failure to provide adequate victim assistance, fraud alerts, and recovery tools.  Violations : Noncompliance with established industry reporting standards. North Carolina Criminal Statutes : Violations relating to identity theft and consumer fraud. FDCPA 15 U.S.C. 1692g ( b ) : Failure to respond to validation requests within 30 days. Fraudulent and Inaccurate Accounts Requiring Immediate Removal and Permanent Blocking :              Violations : FCRA 1681e ( b ), 1681i ( a ), 1681g, 1681s-2 ( b ), 1681i ( a ) ( 5 ) ( B ), 1681c ( a ) FDCPA 1692g ( a ), 1692g ( b ), 1692e ( 8 ), 1692d GLBA 6801 ( b ), 6802 ( a )   formatting and accuracy violations North Carolina Unfair or Deceptive Acts or Practices ( UDAP ) N.C. Gen. Stat. 75-1.1 North Carolina Debt Collection Practices N.C. Gen. Stat. 75-54 North Carolina Credit Reporting Violations N.C. Gen. Stat . 75-55 DEMAND : Immediate deletion and permanent blocking of this tradeline under FCRA 1681c-2 , N.C. Gen. Stat. 75-1.1 ( Unfair or Deceptive Acts or Practices ), N.C. Gen. Stat. 75-54 ( Prohibited Debt Collection Practices ), and N.C. Gen. Stat. 75-55 due to identity theft, lack of permissible purpose, and failure to verify. This account must be deleted immediately, flagged under Dispute Code 103 Fraudulent, and suppressed permanently as part of your automated fraud deletion protocol, in full compliance with federal and North Carolina law.                 Violations : FCRA 1681e ( b ), 1681i ( a ), 1681g, 1681s-2 ( b ), 1681i ( a ) ( 5 ) ( B ), 1681c ( a ) FDCPA 1692g ( a ), 1692g ( b ), 1692e ( 8 ), 1692d GLBA 6801 ( b ), 6802 ( a )   formatting and accuracy violations North Carolina Unfair or Deceptive Acts or Practices ( UDAP ) N.C. Gen. Stat. 75-1.1 North Carolina Debt Collection Practices N.C. Gen. Stat. 75-54 North Carolina Credit Reporting Violations N.C. Gen. Stat . 75-55 DEMAND : Immediate removal of all late payments under FCRA 1681c-2 , N.C. Gen. Stat. 75-1.1 ( Unfair or Deceptive Acts or Practices ), N.C. Gen. Stat. 75-54 ( Consumer Economic Protection ; Prohibited Debt Collection Practices ), and N.C. Gen. Stat. 75-55 due to inaccurate reporting and multiple violations of law. This account must be corrected immediately, flagged under Dispute Code 106 Late Payment History Dispute, and processed through your structured automation logic to ensure deletion or correction of all unverifiable or incorrect late payment statuses. Additional Inaccuracies to Remove Fraudulent Hard Inquiry :           Demand : Immediate deletion and permanent blocking of these inquiries under FCRA 1681c-2, North Carolina Consumer Credit Reporting Agencies Act ( NCCRAA ) N.C. Gen. Stat. 75-51, and North Carolina Fair Debt Collection Practices Act ( NCFDCPA ) N.C. Gen. Stat. 58-70-115 due to identity theft and lack of verification. Incorrect or Unfamiliar Addresses :                      Demand : Immediate deletion and permanent blocking of these addresses under FCRA 1681c-2, North Carolina Consumer Credit Reporting Agencies Act ( NCCRAA ) N.C. Gen. Stat. 75-51, and North Carolina Fair Debt Collection Practices Act ( NCFDCPA ) N.C. Gen. Stat. 58-70-115 due to identity theft and lack of verification. Incorrect Employer Listing :  Demand : Immediate deletion and permanent blocking of these employers under FCRA 1681c-2, North Carolina Consumer Credit Reporting Agencies Act ( NCCRAA ) N.C. Gen. Stat. 75-51, and North Carolina Fair Debt Collection Practices Act ( NCFDCPA ) N.C. Gen. Stat. 58-70-115 due to identity theft and lack of verification. Incorrect Name Listing :   Demand : Immediate deletion and permanent blocking of these names under FCRA 1681c-2, North Carolina Consumer Credit Reporting Agencies Act ( NCCRAA ) N.C. Gen. Stat. 75-51, and North Carolina Fair Debt Collection Practices Act ( NCFDCPA ) N.C. Gen. Stat. 58-70-115 due to identity theft and lack of verification. Requested Relief from the CFPB : Immediate enforcement of removal and permanent blocking of all fraudulent and inaccurate accounts listed. Immediate deletion of all unauthorized hard inquiries. Correction of all inaccurate personal information, including addresses, employers, and names. Provision of updated credit reports from all three bureaus confirming these corrections. Implementation of statutory identity theft protections, including fraud alerts. Comprehensive investigation and imposition of sanctions for failure to comply with FCRA and FDCPA mandated deadlines. Imposition of appropriate fines or disciplinary actions against the bureaus for willful neglect of their legal obligations. Supporting Documentation Previously Submitted : Government-issued photo identification Social Security card Official police report documenting identity theft Proof of current residence Original dispute letters TO THE CREDITORS Declaration : I hereby affirm, under penalty of perjury, that all statements provided herein are truthful and accurate to the best of my knowledge. Due to the significant harm caused by the illegal actions of these bureaus and creditors, I request urgent intervention from the CFPB to enforce compliance with federal law, protect my consumer rights, and restore the integrity of my credit report.",Other,NC,279XX,2025-09-26 00:00:00+00:00,Closed with non-monetary relief,Yes,1000,0,2025,Closed with explanation
2023-09-22 00:00:00+00:00,Credit reporting or other personal consumer reports,Credit reporting,Problem with a company's investigation into an existing problem,Their investigation did not fix an error on your report,"This is one of several times I've discovered that my credit report had inaccurate information. The three credit bureaus must verify these items in accordance with Sections 609 ( a ) ( 1 ) ( A ) and 611 ( a ) ( 1 ) ( A ). It is not acceptable to report these items as unconfirmed information without validating them within the legally required time range. The following false information on my credit report has to be investigated, amended, or completely removed :                                                                                                                                                                                                                                                                                   ","EQUIFAX, INC.",FL,34758,2023-09-22 00:00:00+00:00,Closed with non-monetary relief,Yes,85,0,2023,Closed with explanation
2024-07-17 00:00:00+00:00,Debt collection,Credit card debt,Took or threatened to take negative or legal action,Seized or attempted to seize your property,"Received a letter from Lloyd & McDaniel , PLC on //year> that states they have bought our debt from    . They said in the letter that they would no longer accept debit card payments after //year>. The letter states that we can pay by electronic payments from our checking account. However, when we tried to do that, there was no way to do it due to not knowing what our account number is. We sent them a check in . After numerous tries to get the account number from them and the payoff amount, they have refused to give it to us. We went through a move from our home and some illness so we just planned on paying it off after closing on our house in early . Now, after no cooperation from them, they have put a lien on the house without informing us.This does enable us to just pay it off when the house closes but the lack of cooperation and communication from them is maddening. Also, this debt has been sold 3 times and is from at least 20 years ago. We have been paying on it after going through a debt consolidation program from   which is a bankruptcy law firm. All the other debt they helped us with was dismissed and/or paid off. This one keeps being sold. Also, this doesnt even show up on our credit reports.",Other,GA,30701,2024-07-17 00:00:00+00:00,Closed with explanation,Yes,233,0,2024,UNKNOWN
2024-06-18 00:00:00+00:00,"Payday loan, title loan, personal loan, or advance loan",Personal line of credit,Problem with additional add-on products or services,Not applicable,"Truist Bank has issued a new {$25000.00} Personal Line of Credit to my DECEASED husband ( he died in   ). The statement I received is in his name, says that it is on automatic payment (   ), and was sent to my address in  ( where he never lived ). There is currently a  balance, but I am concerned that someone else opened this account. 

I called the bank, but they won't take any action on it because I am not him, and, in fact, claim that they can not find any information based on the statement I have in hand. He had accounts with a previous bank ( SunTrust ), which was bought and rebranded to Truist, but closed those accounts at least  years ago. 

I am concerned that they are issuing new lines of credit in his name and that some kind of fraudulent activity is occurring.",Other,WI,53703,2024-06-18 00:00:00+00:00,Closed with explanation,Yes,149,0,2024,UNKNOWN
2022-12-19 00:00:00+00:00,"Credit reporting, credit repair services, or other personal consumer reports",Credit reporting,Incorrect information on your report,Information belongs to someone else,I have been unable to dispute items on my credit report or freeze my credit report for the better part of a year. I've been told many times that Trans Union will call me to do 'maintenance ' on my account and this will resolve the issue. I now have a number of fraudulent items on my report I'd like to dispute and Trans Union does not seem to care too much to help me get these resolved. I have called many many times and have been hung up on many times. I need these resolved.,"TRANSUNION INTERMEDIATE HOLDINGS, INC.",CO,80214,2022-12-19 00:00:00+00:00,Closed with explanation,Yes,96,0,2022,UNKNOWN
2023-12-16 00:00:00+00:00,Vehicle loan or lease,Loan,Managing the loan or lease,Billing problem,"Subject : Formal Notice Regarding Account Payment Discrepancy Reference :                ,             Dear CNAC, I hope this letter finds you well. I am writing to bring to your attention a recent discovery regarding the payment method for my car finance account. 

Upon careful review, I have realized that I have been making payments on the account incorrectly. In an effort to rectify this matter, I would like to officially document this discovery and inform you of my intention to discharge this debt either through a  or by properly endorsing the promissory note. 

For transparency and good faith, I want to express my reluctance to settle this account using Floating Rate Notes or bi-weekly ACH, as it may inadvertently place me in a position that conflicts with Congress 's definition of an enemy of the state which I wish to avoid. 

Furthermore, I request the release of my vehicle title from the , as there is no longer a lien on the collateral. Additionally, I request the deposition of any securities and FRN payments made into my  account. Failure to comply with these instructions may be considered securities fraud, as defined by Congress and the U.S. Treasury. 

It is crucial to clarify that I am not willing to participate in activities that could potentially involve securities fraud or operate outside the appropriate fiduciary role. As I am not a member of the   , I can not pay debts in FRNs and insist on an alternative resolution. 

I appreciate your prompt attention to this matter and look forward to resolving it amicably. You have 21 days from the delivery of this notice to assist in rectifying this matter. No collections on the account and/or repossessions of the vehicle can take place. I can be reached via US Postal Mail and email communications. Do not call or text me. 

Sincerely,   ",Other,MI,49507,2023-12-16 00:00:00+00:00,Closed with explanation,Yes,306,0,2023,UNKNOWN
2023-09-28 00:00:00+00:00,Credit reporting or other personal consumer reports,Credit reporting,Incorrect information on your report,Information belongs to someone else,"I have been receiving updates from credit reporting agencies showing delinquent and inaccurate information being reported on my credit files. I have been a victim of identity theft for over 10 years, and I have provided proof on several occasions to prove this claim, such as police reports, FTC reports, OPM letters, social security card, ID, and proof of address. Accounts appeared inaccurately on //2023 ; Eastern Account Systems for the amount of {$62.00}, //2023 ;    for {$10000.00}, //2023 ;    for {$12000.00}, and //2023 ;    for {$6000.00}. I have filed several disputes with , , and  about the inaccuracies, and nothing has been done in reference to the misleading and inaccurate reporting on my personal credit files. As a result, my credit reputation is being ruined and I am unable to gain a trustworthy credit history with companies.",Other,IL,60643,2023-09-28 00:00:00+00:00,Closed with explanation,Yes,138,0,2023,UNKNOWN
2025-02-28 00:00:00+00:00,Checking or savings account,Other banking product or service,Problem with a lender or other company charging your account,Money was taken from your account on the wrong day or for the wrong amount,"This is not a duplicate complaint. 

I filed my initial dispute with Cash App on // after I ordered food from the restaurant   but instead received a  order for someone named ""   '' As of the date I'm filing this complaint,   , I am on my tenth attempt to dispute this transaction and get my money back as Cash App has denied every single dispute stating "" that the merchant fulfilled their obligations for the goods/services associated with this transaction. '' However, when I ask them how they determined that when I am providing irrefutable evidence that the merchant did not fulfill their obligation, they say that they "" recognize that this was not the answer [ I ] were hoping for '' and "" would like to reaffirm that the information [ they ] provided to [ me ] is both accurate and complete. '' In their response to my initial CFPB complaint against them, they responded this afternoon saying that : "" Based on the information provided within your complaint we have identified that your complaint is related to the recent Consent Order between Cash App and the Consumer Financial Protection Bureau. Cash App has reached an agreement with the Consumer Financial Protection Bureau to resolve a matter principally related to certain aspects of Cash App 's historical customer service program. The historical issues raised in this agreement do not reflect the Cash App experience today. We are dedicated to our investments in maintaining and enhancing our industry-leading standards. The agreement with the CFPB includes compensation for certain affected Cash App consumers. If you are an affected consumer entitled to compensation, we will contact you with more details as soon as we have more information to share. You do not need to do anything at this time to obtain redress ( including potential compensation ), which also means you do not need to file a complaint with the CFPB. In regards to the settlement, Cash App will continue to update our Help Center     ] as more information becomes available. You can call us at , or contact Cash Support in the app. If our assessment of your complaint is incorrect and your grievance is unrelated to the consent order and subsequent settlement please either escalate your complaint with our Cash Support team through the app, or provide us with the following information through the CFPB so that we can appropriately address your concerns. Helpful information could include : * What is the $ cashtag, email address and/or phone number connected to the account in question? * What are the dates and amounts of the transactions in dispute? * What is the reason for the dispute? If you have any additional information that may help our team investigate your complaint, such as the merchant name or recipient of the payment, receipts or invoices, etc, we encourage you to reply with those details. This information is not required, but will be reviewed and may help to support your claim. '' I was never informed about a lawsuit that I am a part of, thus, I do not believe I am one of the affected consumers who will be receiving compensation. Because of this, I am responding to Cash App 's request for the following information via you all as requested : * What is the $ cashtag, email address and/or phone number connected to the account in question? 

$  * What are the dates and amounts of the transactions in dispute? 

I am disputing the transaction amount of {$27.00} from   

* What is the reason for the dispute?

I never received the goods from the merchant per the documentation I have been submitting to you all since   ","Block, Inc.",DC,20003,2025-02-28 00:00:00+00:00,Closed with explanation,Yes,617,0,2025,Closed with explanation
2021-10-18 00:00:00+00:00,Credit card or prepaid card,General-purpose credit card or charge card,Problem with a purchase shown on your statement,Card was charged for something you did not purchase with the card,"Someone created a fake  account using my name, address, and credit card number and made a purchase on  for two items that were supposedly shipped and delivered to my address. When I saw the charge of {$120.00} on my credit card and couldn't locate an order in this amount on my husbands  account, I knew right away it was fraudulent. I called Barclay 's Bank immediately to dispute the charge and request a new card. They issued a provisional refund for the amount listed above while they completed their own internal investigation. 

I received a letter dated  that said they had completed the investigation and were able to determine the charge was indeed valid and they would reinstate the amount to my card. When I called them today (  ) they told me they have received documentation from  showing that it was a valid purchase on an account with my name and address listed for that amount. I asked if they could send this information to me and I was told no. I was told by  at Barclay card that I'd need to call  to resolve. 

I called  and spent 2+ hours on the phone and spoke to 5 different people. First person wasn't able to verify the account because my phone number didn't match. Clue number one that this was a fraudulent account. I was then passed between other folks and the final person  basically told me I needed to call my bank back to request a new card. I explained I had already done this. And then miraculously they couldn't find my account. 

I am out {$120.00} and have no products or anything. I have never had an  account under my name or address. And now I am getting emails from  telling me they can't find the account.",Other,SC,295XX,2021-10-18 00:00:00+00:00,Closed with explanation,Yes,300,0,2021,Closed with explanation
2024-09-16 00:00:00+00:00,Credit reporting or other personal consumer reports,Credit reporting,Improper use of your report,Credit inquiries on your report that you don't recognize,"15 U.S Code {$1600.00} c-2 a consumer reporting agency shall block the reporting of any information in the foul of a consumer, that the consumer identifies as information that resulted from an alleged identity theft, not later than four business days after the date of receipt. I HAVE ATTACHED MY FTC REPORT TO THIS COMPLAINT TO PREVENT FURTHER STALL TACTICS FROM EQUIFAX.","EQUIFAX, INC.",NC,27410,2024-09-17 00:00:00+00:00,Closed with explanation,Yes,62,1,2024,UNKNOWN
2022-07-02 00:00:00+00:00,"Credit reporting, credit repair services, or other personal consumer reports",Credit reporting,Incorrect information on your report,Public record information inaccurate,I contacted  and Equifax about a    bankruptcy on my credit file. They told me that the got this information from   and that I need to contact them directly if I felt the information was incorrect. After reaching out to   they did a investigation and the result of the investigation is they decide to remove this bankruptcy of my report. After receiving the letter from   I forwarded it to  and Equifax and to my surprise they refuse to update my credit file and remove this inaccurate information off my credit file. They put this bankruptcy on my credit file base on   report but wont take it off base on there report.,"EQUIFAX, INC.",CA,92301,2022-07-02 00:00:00+00:00,Closed with explanation,Yes,110,0,2022,UNKNOWN
2025-09-18 00:00:00+00:00,Debt collection,Credit card debt,Communication tactics,Frequent or repeated calls,I recieve up to  phone calls per day about a debt collection that I can not afford to pay currently. Each time im left a voicemail about this debt and how I need to contact them back. I want the harassing calls to stop. Their number is .,"CITIBANK, N.A.",PA,170XX,2025-09-18 00:00:00+00:00,Closed with non-monetary relief,Yes,48,0,2025,Closed with non-monetary relief
